{"stats":{"minecraft:broken":{"minecraft:diamond_helmet":1,"minecraft:stone_axe":1,"minecraft:shield":2,"minecraft:iron_axe":2},"minecraft:mined":{"minecraft:dark_oak_planks":3,"minecraft:spruce_planks":2,"minecraft:obsidian":11,"minecraft:spruce_trapdoor":2,"minecraft:acacia_log":21,"minecraft:grass_block":77,"minecraft:crimson_fungus":1,"luminousworld:savanna_grass_2":1,"minecraft:polished_blackstone_bricks":14,"minecraft:weeping_vines_plant":1,"bno:nether_coal_ore":71,"minecraft:iron_ore":34,"minecraft:cobbled_deepslate":3,"minecraft:fire":3,"minecraft:fletching_table":3,"minecraft:deepslate_lapis_ore":7,"bno:nether_iron_ore":18,"minecraft:spruce_slab":8,"minecraft:deepslate_redstone_ore":11,"minecraft:blackstone":5,"minecraft:crimson_nylium":35,"ironfurnaces:iron_furnace":2,"minecraft:torch":1,"minecraft:chest":2,"minecraft:nether_quartz_ore":13,"minecraft:cobblestone":5,"minecraft:sugar_cane":5,"minecraft:oak_planks":14,"minecraft:wall_torch":3,"minecraft:nether_wart_block":5,"mutantmonsters:mutant_skeleton_skull":1,"minecraft:grass":115,"minecraft:oak_log":32,"minecraft:dark_oak_sapling":7,"minecraft:sand":93,"minecraft:dirt":37,"minecraft:netherrack":2183,"minecraft:ancient_debris":9,"luminousworld:savannah_grass_4":2,"minecraft:piston":1,"minecraft:oak_leaves":1,"minecraft:deepslate":118,"minecraft:nether_gold_ore":7,"minecraft:tuff":10,"minecraft:deepslate_diamond_ore":27,"minecraft:dark_oak_log":287,"gravestone:gravestone":7,"minecraft:crimson_roots":12,"minecraft:spruce_leaves":19,"minecraft:crimson_stem":2,"minecraft:large_fern":3,"minecraft:spruce_sapling":3,"minecraft:furnace":5,"minecraft:andesite":23,"minecraft:peony":1,"minecraft:deepslate_iron_ore":21,"minecraft:rail":24,"bosses_of_mass_destruction:gauntlet_blackstone":1,"minecraft:stone":344,"minecraft:soul_sand":2,"minecraft:basalt":2,"minecraft:crafting_table":7,"minecraft:stone_slab":3,"minecraft:tall_grass":31,"minecraft:copper_ore":5,"minecraft:lapis_ore":4,"minecraft:deepslate_gold_ore":30,"bno:nether_copper_ore":14,"minecraft:purple_bed":1,"minecraft:spruce_log":3016,"minecraft:coal_ore":184,"minecraft:gravel":104,"minecraft:dripstone_block":4,"minecraft:cobweb":4,"minecraft:gold_ore":4,"minecraft:fern":3},"minecraft:used":{"minecraft:spruce_slab":17,"minecraft:chest":11,"minecraft:shield":105,"minecraft:stone":2,"minecraft:rotten_flesh":1,"minecraft:mutton":4,"securitycraft:keypad_item":1,"minecraft:acacia_sapling":2,"minecraft:glass":1,"ironfurnaces:iron_furnace":2,"minecraft:bow":12,"minecraft:furnace":6,"minecraft:oak_sapling":1,"ava:gun_crafting_table":1,"minecraft:dark_oak_sapling":44,"minecraft:diamond_boots":1,"minecraft:oak_planks":11,"minecraft:stone_pickaxe":62,"minecraft:powered_rail":9,"minecraft:wooden_pickaxe":9,"minecraft:composter":1,"minecraft:sugar_cane":10,"minecraft:diamond_axe":2669,"mutantmonsters:mutant_skeleton_skull":1,"minecraft:lever":6,"minecraft:dark_oak_log":1,"minecraft:bread":64,"minecraft:diamond_sword":528,"minecraft:smithing_table":1,"minecraft:golden_pickaxe":1,"minecraft:stone_sword":134,"minecraft:redstone":10,"minecraft:spruce_planks":44,"minecraft:cooked_chicken":3,"minecraft:netherrack":616,"minecraft:torch":396,"minecraft:dirt":118,"minecraft:dark_oak_planks":4,"minecraft:wooden_axe":35,"minecraft:iron_axe":513,"minecraft:minecart":6,"minecraft:cooked_beef":25,"minecraft:cobbled_deepslate":167,"minecraft:cooked_mutton":1,"minecraft:water_bucket":2,"weather2:weather_deflector":1,"minecraft:fletching_table":2,"minecraft:polished_blackstone_bricks":16,"minecraft:rail":18,"minecraft:crafting_table":12,"minecraft:spruce_log":107,"minecraft:piston":6,"minecraft:diamond_pickaxe":3274,"minecraft:apple":1,"minecraft:diamond_shovel":133,"minecraft:iron_pickaxe":33,"minecraft:spruce_trapdoor":3,"minecraft:spruce_sapling":220,"minecraft:stone_axe":244,"minecraft:cobblestone":78,"ironfurnaces:emerald_furnace":1,"minecraft:purple_bed":1,"minecraft:cooked_porkchop":11,"minecraft:bucket":7,"minecraft:dandelion":1,"minecraft:diamond_leggings":1},"minecraft:dropped":{"minecraft:diamond_axe":2,"minecraft:dark_oak_sapling":5,"minecraft:dirt":4,"minecraft:stone_button":11,"minecraft:crimson_roots":3,"gravestone:obituary":9,"minecraft:stone_axe":1,"minecraft:chainmail_chestplate":17,"minecraft:chest":1,"minecraft:netherrack":81,"minecraft:wheat_seeds":11,"minecraft:minecart":1,"mutantmonsters:mutant_skeleton_boots":1,"minecraft:iron_helmet":7,"minecraft:cobblestone":7,"minecraft:stick":16,"minecraft:oxeye_daisy":1,"minecraft:iron_axe":62,"minecraft:string":3,"minecraft:redstone":2,"minecraft:stone_sword":1,"minecraft:tuff":8,"mutantmonsters:mutant_skeleton_chestplate":1,"minecraft:diamond_sword":1,"minecraft:peony":1,"mutantmonsters:mutant_skeleton_leggings":1,"minecraft:bow":1,"mutantmonsters:mutant_skeleton_skull":1},"minecraft:killed_by":{"minecraft:piglin":1},"minecraft:killed":{"luminousworld:miner_zombie":3,"minecraft:zombified_piglin":1,"minecraft:witch":1,"mythicmounts:dragon":1,"minecraft:spider":12,"minecraft:skeleton":24,"luminousworld:ringlet":1,"luminousworld:miner_skeleton":1,"minecraft:chicken":5,"luminousworld:charaxes":1,"minecraft:piglin":17,"minecraft:pig":3,"mutantmonsters:mutant_skeleton":1,"minecraft:creeper":6,"minecraft:sheep":7,"minecraft:trader_llama":2,"luminousworld:savannah_skeleton":2,"minecraft:zombie":33,"minecraft:glow_squid":1,"minecraft:cow":14,"sullysmod:bouldering_zombie":2,"endermanoverhaul:crimson_forest_enderman":1,"luminousworld:savannah_zombie":2,"minecraft:hoglin":10,"sons_of_sins:betrayed_guzzler":1,"mythicmounts:netherbat":5,"minecraft:villager":10,"minecraft:enderman":3},"minecraft:crafted":{"mutantmonsters:mutant_skeleton_leggings":1,"minecraft:oak_planks":120,"weather2:weather_item":1,"minecraft:cooked_chicken":2,"minecraft:cobweb":5,"ironfurnaces:iron_furnace":1,"minecraft:stone":41,"securitycraft:keypad_item":1,"minecraft:lever":6,"minecraft:diamond_shovel":1,"minecraft:heavy_weighted_pressure_plate":1,"ironfurnaces:diamond_furnace":1,"weather2:weather_deflector":1,"minecraft:cooked_mutton":1,"mutantmonsters:mutant_skeleton_arms":1,"securitycraft:laser_block":1,"minecraft:glass":12,"ava:silicon":64,"ava:work_hardened_iron":60,"minecraft:diamond_helmet":2,"minecraft:bow":2,"minecraft:diamond_leggings":2,"mutantmonsters:mutant_skeleton_boots":1,"minecraft:chest":9,"ava:gun_crafting_table":1,"mutantmonsters:mutant_skeleton_rib_cage":1,"minecraft:emerald":999,"minecraft:cooked_porkchop":5,"minecraft:diamond_axe":9,"minecraft:crafting_table":8,"minecraft:spruce_planks":10688,"minecraft:wooden_pickaxe":1,"minecraft:iron_helmet":11,"minecraft:chainmail_chestplate":17,"minecraft:smithing_table":1,"minecraft:golden_pickaxe":1,"minecraft:copper_ingot":99,"minecraft:gold_block":1,"minecraft:spruce_trapdoor":2,"minecraft:iron_chestplate":1,"minecraft:diamond_pickaxe":2,"minecraft:emerald_block":32,"minecraft:shield":2,"minecraft:stick":22557,"minecraft:iron_ingot":59,"minecraft:stone_sword":1,"minecraft:gold_ingot":13,"minecraft:composter":1,"securitycraft:universal_block_reinforcer_lvl1":1,"ava:fibre":4,"ironfurnaces:gold_furnace":1,"minecraft:furnace":2,"minecraft:stone_button":11,"minecraft:piston":5,"minecraft:glass_pane":16,"ava:plastic":0,"mutantmonsters:mutant_skeleton_chestplate":1,"ironfurnaces:emerald_furnace":1,"minecraft:iron_axe":54,"minecraft:spruce_slab":30,"minecraft:stone_pickaxe":1,"minecraft:diamond_boots":2,"minecraft:redstone_block":1,"minecraft:dark_oak_planks":868,"minecraft:minecart":1,"minecraft:cooked_beef":20,"minecraft:diamond_sword":1,"minecraft:powered_rail":18,"minecraft:bucket":2,"minecraft:dark_oak_button":11,"minecraft:stone_axe":2,"minecraft:bread":108,"minecraft:air":0,"minecraft:wooden_axe":1,"ava:packed_gunpowder":2,"minecraft:acacia_planks":84,"minecraft:torch":388,"minecraft:diamond_chestplate":2},"minecraft:custom":{"minecraft:interact_with_crafting_table":95,"minecraft:leave_game":4,"minecraft:time_since_death":11313,"minecraft:sprint_one_cm":1389839,"minecraft:damage_blocked_by_shield":2005,"minecraft:drop":137,"minecraft:talked_to_villager":121,"minecraft:play_time":412824,"minecraft:deaths":8,"minecraft:jump":7538,"minecraft:walk_on_water_one_cm":30875,"minecraft:enchant_item":10,"minecraft:interact_with_furnace":107,"minecraft:traded_with_villager":831,"minecraft:sleep_in_bed":8,"minecraft:waystone_activated":1,"minecraft:damage_dealt":37232,"minecraft:crouch_one_cm":81304,"minecraft:mob_kills":174,"minecraft:interact_with_anvil":2,"minecraft:climb_one_cm":146,"minecraft:walk_one_cm":552547,"minecraft:sneak_time":22963,"minecraft:walk_under_water_one_cm":15051,"minecraft:total_world_time":412824,"minecraft:interact_with_grindstone":9,"minecraft:interact_with_stonecutter":1,"minecraft:time_since_rest":11404,"minecraft:damage_taken":6520,"minecraft:swim_one_cm":15705,"minecraft:fly_one_cm":1786711,"minecraft:open_chest":153,"minecraft:fall_one_cm":190249},"minecraft:picked_up":{"minecraft:iron_chestplate":2,"minecraft:stone_slab":4,"minecraft:lead":2,"minecraft:diamond_sword":1,"minecraft:golden_sword":1,"minecraft:string":18,"mutantmonsters:mutant_skeleton_skull":2,"minecraft:raw_copper":136,"minecraft:armor_stand":1,"minecraft:gold_nugget":33,"minecraft:cobbled_deepslate":112,"bosses_of_mass_destruction:soul_star":1,"minecraft:spruce_planks":54,"minecraft:iron_pickaxe":1,"minecraft:furnace":5,"minecraft:stick":341,"minecraft:acacia_log":21,"minecraft:torch":11,"minecraft:porkchop":37,"mutantmonsters:mutant_skeleton_pelvis":1,"minecraft:stone_sword":2,"minecraft:rotten_flesh":30,"mutantmonsters:mutant_skeleton_shoulder_pad":2,"minecraft:obsidian":12,"minecraft:cobblestone":193,"minecraft:feather":3,"minecraft:flint":94,"minecraft:tuff":8,"minecraft:lapis_lazuli":251,"minecraft:dirt":186,"securitycraft:reinforced_stone_button":11,"minecraft:bone":33,"minecraft:bow":3,"minecraft:wheat_seeds":15,"minecraft:raw_gold":129,"minecraft:fletching_table":3,"minecraft:oak_planks":13,"ironfurnaces:iron_furnace":2,"minecraft:sand":101,"minecraft:dark_oak_log":284,"sons_of_sins:flesh_of_demise":1,"minecraft:iron_hoe":1,"minecraft:diamond":64,"minecraft:cracked_polished_blackstone_bricks":1,"minecraft:chainmail_helmet":1,"minecraft:oak_sapling":3,"minecraft:netherrack":1884,"minecraft:crimson_roots":12,"minecraft:crafting_table":7,"minecraft:chicken":5,"gravestone:obituary":8,"minecraft:iron_axe":10,"minecraft:iron_shovel":2,"minecraft:blackstone":6,"minecraft:beef":26,"minecraft:spruce_slab":8,"minecraft:minecart":5,"minecraft:sugar_cane":10,"minecraft:chest":3,"minecraft:piston":1,"minecraft:spruce_trapdoor":2,"minecraft:egg":4,"minecraft:dark_oak_sapling":83,"minecraft:raw_iron":158,"minecraft:polished_blackstone_bricks":24,"minecraft:stone_button":11,"minecraft:redstone":66,"minecraft:dark_oak_planks":3,"minecraft:arrow":17,"minecraft:peony":1,"mutantmonsters:mutant_skeleton_rib":5,"minecraft:mutton":12,"minecraft:white_wool":7,"minecraft:rail":24,"minecraft:oxeye_daisy":1,"minecraft:basalt":2,"minecraft:dark_oak_button":11,"minecraft:crimson_stem":2,"minecraft:glow_ink_sac":4,"minecraft:leather":21,"croptopia:glowing_calamari":2,"minecraft:crimson_fungus":3,"minecraft:oak_log":30,"minecraft:ancient_debris":9,"minecraft:nether_wart_block":5,"minecraft:gunpowder":11,"mutantmonsters:mutant_skeleton_limb":6,"minecraft:apple":8,"ava:regular_rifle_magazine":1,"minecraft:soul_sand":2,"minecraft:acacia_sapling":2,"minecraft:quartz":21,"minecraft:dandelion":1,"minecraft:spruce_sapling":360,"minecraft:spruce_log":3441,"minecraft:spider_eye":2,"minecraft:purple_bed":1,"minecraft:iron_helmet":1,"minecraft:diamond_axe":6,"minecraft:coal":511,"minecraft:ender_pearl":3}},"DataVersion":3465}