{"stats":{"minecraft:broken":{"minecraft:shield":1,"minecraft:iron_axe":2,"minecraft:stone_axe":1},"minecraft:mined":{"minecraft:dark_oak_planks":3,"minecraft:nether_gold_ore":7,"minecraft:tuff":10,"minecraft:spruce_planks":2,"minecraft:deepslate_diamond_ore":27,"minecraft:dark_oak_log":287,"gravestone:gravestone":5,"minecraft:obsidian":1,"minecraft:acacia_log":21,"minecraft:grass_block":39,"minecraft:crimson_roots":12,"minecraft:spruce_leaves":19,"minecraft:crimson_fungus":1,"minecraft:weeping_vines_plant":1,"luminousworld:savanna_grass_2":1,"minecraft:large_fern":3,"minecraft:spruce_sapling":3,"minecraft:furnace":5,"bno:nether_coal_ore":19,"minecraft:iron_ore":34,"minecraft:cobbled_deepslate":3,"minecraft:andesite":23,"minecraft:fletching_table":1,"minecraft:deepslate_lapis_ore":7,"minecraft:peony":1,"minecraft:deepslate_iron_ore":21,"minecraft:rail":5,"minecraft:stone":344,"minecraft:deepslate_redstone_ore":11,"minecraft:crimson_nylium":8,"ironfurnaces:iron_furnace":2,"minecraft:crafting_table":5,"minecraft:torch":1,"minecraft:chest":2,"minecraft:nether_quartz_ore":1,"minecraft:stone_slab":3,"minecraft:copper_ore":5,"minecraft:tall_grass":16,"minecraft:cobblestone":4,"minecraft:lapis_ore":4,"minecraft:deepslate_gold_ore":30,"minecraft:sugar_cane":5,"minecraft:oak_planks":11,"minecraft:wall_torch":3,"minecraft:purple_bed":1,"minecraft:nether_wart_block":1,"mutantmonsters:mutant_skeleton_skull":1,"minecraft:spruce_log":3014,"minecraft:grass":87,"minecraft:oak_log":32,"minecraft:coal_ore":184,"minecraft:sand":26,"minecraft:dark_oak_sapling":7,"minecraft:gravel":104,"minecraft:dripstone_block":4,"minecraft:dirt":2,"minecraft:cobweb":3,"minecraft:netherrack":253,"luminousworld:savannah_grass_4":2,"minecraft:gold_ore":4,"minecraft:deepslate":118,"minecraft:oak_leaves":1,"minecraft:fern":3},"minecraft:dropped":{"minecraft:wheat_seeds":11,"minecraft:diamond_axe":2,"minecraft:minecart":1,"minecraft:dark_oak_sapling":5,"minecraft:iron_helmet":7,"minecraft:cobblestone":7,"mutantmonsters:mutant_skeleton_boots":1,"minecraft:stick":16,"minecraft:oxeye_daisy":1,"minecraft:dirt":4,"minecraft:stone_button":11,"gravestone:obituary":8,"minecraft:iron_axe":62,"minecraft:string":3,"minecraft:redstone":2,"minecraft:stone_axe":1,"minecraft:stone_sword":1,"minecraft:tuff":8,"minecraft:chainmail_chestplate":17,"mutantmonsters:mutant_skeleton_chestplate":1,"minecraft:diamond_sword":1,"minecraft:peony":1,"minecraft:chest":1,"mutantmonsters:mutant_skeleton_leggings":1,"minecraft:bow":1,"mutantmonsters:mutant_skeleton_skull":1},"minecraft:used":{"minecraft:stone_sword":134,"minecraft:shield":62,"minecraft:chest":7,"minecraft:spruce_planks":4,"minecraft:stone":2,"minecraft:cooked_chicken":3,"minecraft:rotten_flesh":1,"minecraft:netherrack":73,"minecraft:torch":385,"minecraft:dirt":81,"minecraft:mutton":4,"securitycraft:keypad_item":1,"minecraft:acacia_sapling":2,"minecraft:glass":1,"minecraft:dark_oak_planks":4,"minecraft:wooden_axe":35,"minecraft:iron_axe":513,"ironfurnaces:iron_furnace":2,"minecraft:bow":12,"minecraft:oak_sapling":1,"minecraft:furnace":6,"minecraft:minecart":3,"minecraft:cooked_beef":25,"minecraft:cobbled_deepslate":167,"minecraft:dark_oak_sapling":44,"minecraft:cooked_mutton":1,"minecraft:water_bucket":2,"minecraft:diamond_boots":1,"weather2:weather_deflector":1,"minecraft:oak_planks":10,"minecraft:stone_pickaxe":62,"minecraft:wooden_pickaxe":9,"minecraft:composter":1,"minecraft:sugar_cane":10,"minecraft:diamond_axe":2669,"minecraft:rail":2,"minecraft:crafting_table":9,"minecraft:spruce_log":83,"mutantmonsters:mutant_skeleton_skull":1,"minecraft:diamond_pickaxe":1151,"minecraft:apple":1,"minecraft:diamond_shovel":44,"minecraft:dark_oak_log":1,"minecraft:bread":15,"minecraft:iron_pickaxe":33,"minecraft:spruce_sapling":220,"minecraft:stone_axe":244,"minecraft:diamond_sword":254,"ironfurnaces:emerald_furnace":1,"minecraft:cobblestone":74,"minecraft:purple_bed":1,"minecraft:smithing_table":1,"minecraft:cooked_porkchop":11,"minecraft:bucket":3,"minecraft:dandelion":1,"minecraft:diamond_leggings":1,"minecraft:golden_pickaxe":1},"minecraft:killed_by":{"minecraft:piglin":1},"minecraft:killed":{"sullysmod:bouldering_zombie":2,"luminousworld:miner_zombie":3,"minecraft:zombified_piglin":1,"mythicmounts:dragon":1,"minecraft:spider":7,"endermanoverhaul:crimson_forest_enderman":1,"minecraft:skeleton":15,"luminousworld:miner_skeleton":1,"minecraft:chicken":5,"luminousworld:charaxes":1,"luminousworld:savannah_zombie":2,"minecraft:piglin":12,"minecraft:pig":2,"mutantmonsters:mutant_skeleton":1,"minecraft:hoglin":7,"minecraft:sheep":7,"luminousworld:savannah_skeleton":2,"minecraft:zombie":14,"mythicmounts:netherbat":5,"minecraft:glow_squid":1,"minecraft:enderman":1,"minecraft:cow":12},"minecraft:crafted":{"mutantmonsters:mutant_skeleton_leggings":1,"minecraft:oak_planks":120,"weather2:weather_item":1,"ironfurnaces:gold_furnace":1,"minecraft:cooked_chicken":2,"minecraft:furnace":2,"minecraft:stone_button":11,"ironfurnaces:iron_furnace":1,"minecraft:stone":41,"securitycraft:keypad_item":1,"minecraft:diamond_shovel":1,"ironfurnaces:diamond_furnace":1,"minecraft:heavy_weighted_pressure_plate":1,"weather2:weather_deflector":1,"minecraft:cooked_mutton":1,"minecraft:glass_pane":16,"mutantmonsters:mutant_skeleton_chestplate":1,"mutantmonsters:mutant_skeleton_arms":1,"ironfurnaces:emerald_furnace":1,"securitycraft:laser_block":1,"minecraft:glass":12,"minecraft:diamond_helmet":1,"minecraft:bow":2,"minecraft:diamond_leggings":1,"minecraft:iron_axe":54,"minecraft:spruce_slab":12,"mutantmonsters:mutant_skeleton_boots":1,"minecraft:stone_pickaxe":1,"minecraft:chest":5,"minecraft:diamond_boots":1,"mutantmonsters:mutant_skeleton_rib_cage":1,"minecraft:redstone_block":1,"minecraft:dark_oak_planks":868,"minecraft:cooked_beef":20,"minecraft:diamond_sword":1,"minecraft:emerald":756,"minecraft:cooked_porkchop":5,"minecraft:diamond_axe":9,"minecraft:crafting_table":6,"minecraft:spruce_planks":10148,"minecraft:wooden_pickaxe":1,"minecraft:iron_helmet":11,"minecraft:chainmail_chestplate":17,"minecraft:smithing_table":1,"minecraft:golden_pickaxe":1,"minecraft:gold_block":1,"minecraft:bucket":1,"minecraft:dark_oak_button":11,"minecraft:stone_axe":2,"minecraft:bread":108,"minecraft:air":0,"minecraft:iron_chestplate":1,"minecraft:emerald_block":32,"minecraft:diamond_pickaxe":2,"minecraft:shield":1,"minecraft:stick":21533,"minecraft:iron_ingot":59,"minecraft:wooden_axe":1,"minecraft:stone_sword":1,"minecraft:gold_ingot":13,"minecraft:composter":1,"minecraft:acacia_planks":84,"minecraft:torch":376,"securitycraft:universal_block_reinforcer_lvl1":1,"minecraft:diamond_chestplate":1},"minecraft:custom":{"minecraft:interact_with_anvil":1,"minecraft:mob_kills":106,"minecraft:interact_with_crafting_table":68,"minecraft:leave_game":1,"minecraft:time_since_death":18444,"minecraft:climb_one_cm":146,"minecraft:sprint_one_cm":955376,"minecraft:walk_one_cm":337228,"minecraft:damage_blocked_by_shield":1545,"minecraft:drop":133,"minecraft:talked_to_villager":114,"minecraft:deaths":6,"minecraft:play_time":246961,"minecraft:sneak_time":10329,"minecraft:walk_under_water_one_cm":9613,"minecraft:jump":4887,"minecraft:walk_on_water_one_cm":27084,"minecraft:enchant_item":10,"minecraft:total_world_time":246961,"minecraft:interact_with_furnace":92,"minecraft:traded_with_villager":818,"minecraft:interact_with_stonecutter":1,"minecraft:interact_with_grindstone":9,"minecraft:sleep_in_bed":7,"minecraft:time_since_rest":18468,"minecraft:waystone_activated":1,"minecraft:damage_taken":4345,"minecraft:damage_dealt":21041,"minecraft:swim_one_cm":6844,"minecraft:fly_one_cm":1176226,"minecraft:open_chest":92,"minecraft:crouch_one_cm":33410,"minecraft:fall_one_cm":136705},"minecraft:picked_up":{"minecraft:iron_chestplate":1,"minecraft:crafting_table":5,"minecraft:chicken":5,"minecraft:stone_slab":3,"minecraft:diamond_sword":1,"gravestone:obituary":7,"minecraft:golden_sword":1,"minecraft:string":10,"mutantmonsters:mutant_skeleton_skull":2,"minecraft:iron_axe":10,"minecraft:armor_stand":1,"minecraft:iron_shovel":1,"minecraft:gold_nugget":33,"minecraft:cobbled_deepslate":112,"minecraft:spruce_planks":50,"minecraft:beef":20,"minecraft:iron_pickaxe":1,"minecraft:minecart":3,"minecraft:chest":3,"minecraft:sugar_cane":10,"minecraft:furnace":5,"minecraft:egg":4,"minecraft:dark_oak_sapling":83,"minecraft:stick":341,"minecraft:raw_iron":123,"minecraft:torch":11,"minecraft:acacia_log":21,"minecraft:porkchop":28,"minecraft:stone_button":11,"minecraft:redstone":66,"mutantmonsters:mutant_skeleton_pelvis":1,"minecraft:dark_oak_planks":3,"minecraft:stone_sword":2,"minecraft:arrow":12,"minecraft:rotten_flesh":25,"minecraft:peony":1,"mutantmonsters:mutant_skeleton_rib":5,"mutantmonsters:mutant_skeleton_shoulder_pad":2,"minecraft:obsidian":2,"minecraft:mutton":12,"minecraft:rail":5,"minecraft:oxeye_daisy":1,"minecraft:white_wool":7,"minecraft:cobblestone":192,"minecraft:feather":3,"minecraft:dark_oak_button":11,"minecraft:glow_ink_sac":4,"minecraft:leather":16,"croptopia:glowing_calamari":2,"minecraft:flint":94,"minecraft:crimson_fungus":3,"minecraft:tuff":8,"minecraft:oak_log":30,"minecraft:nether_wart_block":1,"minecraft:gunpowder":1,"minecraft:lapis_lazuli":251,"mutantmonsters:mutant_skeleton_limb":6,"minecraft:dirt":105,"securitycraft:reinforced_stone_button":11,"minecraft:bone":24,"minecraft:apple":8,"minecraft:bow":3,"minecraft:wheat_seeds":13,"minecraft:raw_gold":129,"minecraft:fletching_table":1,"ironfurnaces:iron_furnace":2,"minecraft:acacia_sapling":2,"minecraft:oak_planks":10,"minecraft:quartz":2,"minecraft:dandelion":1,"minecraft:sand":37,"minecraft:spruce_sapling":360,"minecraft:spruce_log":3439,"minecraft:dark_oak_log":284,"minecraft:spider_eye":2,"minecraft:iron_hoe":1,"minecraft:purple_bed":1,"minecraft:diamond":64,"minecraft:iron_helmet":1,"minecraft:diamond_axe":6,"minecraft:chainmail_helmet":1,"minecraft:oak_sapling":3,"minecraft:netherrack":316,"minecraft:coal":408,"minecraft:crimson_roots":11,"minecraft:ender_pearl":1}},"DataVersion":3465}