{"stats":{"minecraft:broken":{"minecraft:iron_axe":2,"minecraft:stone_axe":1},"minecraft:mined":{"minecraft:dark_oak_planks":3,"minecraft:nether_gold_ore":7,"minecraft:tuff":10,"minecraft:spruce_planks":2,"minecraft:deepslate_diamond_ore":27,"minecraft:dark_oak_log":287,"minecraft:obsidian":1,"minecraft:acacia_log":21,"minecraft:grass_block":4,"minecraft:spruce_leaves":19,"luminousworld:savanna_grass_2":1,"minecraft:large_fern":3,"minecraft:spruce_sapling":3,"minecraft:furnace":4,"bno:nether_coal_ore":17,"minecraft:iron_ore":34,"minecraft:andesite":23,"minecraft:fletching_table":1,"minecraft:deepslate_lapis_ore":7,"minecraft:peony":1,"minecraft:deepslate_iron_ore":21,"minecraft:stone":342,"minecraft:deepslate_redstone_ore":11,"minecraft:crimson_nylium":6,"minecraft:crafting_table":5,"minecraft:torch":1,"minecraft:stone_slab":3,"minecraft:copper_ore":5,"minecraft:tall_grass":10,"minecraft:cobblestone":2,"minecraft:lapis_ore":4,"minecraft:deepslate_gold_ore":30,"minecraft:sugar_cane":1,"minecraft:oak_planks":11,"minecraft:wall_torch":1,"minecraft:purple_bed":1,"mutantmonsters:mutant_skeleton_skull":1,"minecraft:spruce_log":3013,"minecraft:grass":43,"minecraft:oak_log":32,"minecraft:coal_ore":184,"minecraft:sand":12,"minecraft:dark_oak_sapling":7,"minecraft:gravel":104,"minecraft:dripstone_block":4,"minecraft:dirt":2,"minecraft:netherrack":138,"luminousworld:savannah_grass_4":2,"minecraft:gold_ore":4,"minecraft:deepslate":118,"minecraft:oak_leaves":1,"minecraft:fern":3},"minecraft:dropped":{"minecraft:wheat_seeds":3,"minecraft:diamond_axe":2,"minecraft:minecart":1,"minecraft:dark_oak_sapling":5,"minecraft:iron_helmet":7,"minecraft:cobblestone":7,"mutantmonsters:mutant_skeleton_boots":1,"minecraft:dirt":4,"minecraft:iron_axe":62,"minecraft:string":3,"minecraft:redstone":2,"minecraft:stone_axe":1,"minecraft:stone_sword":1,"minecraft:tuff":8,"minecraft:chainmail_chestplate":17,"mutantmonsters:mutant_skeleton_chestplate":1,"minecraft:diamond_sword":1,"minecraft:peony":1,"mutantmonsters:mutant_skeleton_leggings":1,"minecraft:bow":1,"mutantmonsters:mutant_skeleton_skull":1},"minecraft:used":{"minecraft:stone_sword":134,"minecraft:chest":3,"minecraft:spruce_planks":3,"minecraft:cooked_chicken":2,"minecraft:rotten_flesh":1,"minecraft:netherrack":8,"minecraft:torch":359,"minecraft:dirt":20,"minecraft:mutton":4,"minecraft:acacia_sapling":2,"minecraft:dark_oak_planks":4,"minecraft:wooden_axe":35,"minecraft:iron_axe":513,"minecraft:oak_sapling":1,"minecraft:furnace":6,"minecraft:minecart":1,"minecraft:cooked_beef":25,"minecraft:cobbled_deepslate":36,"minecraft:dark_oak_sapling":44,"minecraft:cooked_mutton":1,"minecraft:water_bucket":2,"minecraft:diamond_boots":1,"minecraft:oak_planks":10,"minecraft:stone_pickaxe":62,"minecraft:wooden_pickaxe":9,"minecraft:sugar_cane":3,"minecraft:diamond_axe":2668,"minecraft:crafting_table":8,"mutantmonsters:mutant_skeleton_skull":1,"minecraft:diamond_pickaxe":1016,"minecraft:apple":1,"minecraft:dark_oak_log":1,"minecraft:iron_pickaxe":33,"minecraft:spruce_sapling":220,"minecraft:stone_axe":244,"minecraft:diamond_sword":112,"minecraft:cobblestone":11,"minecraft:purple_bed":1,"minecraft:smithing_table":1,"minecraft:cooked_porkchop":8,"minecraft:bucket":3,"minecraft:diamond_leggings":1,"minecraft:golden_pickaxe":1},"minecraft:killed":{"sullysmod:bouldering_zombie":2,"luminousworld:miner_zombie":3,"mythicmounts:dragon":1,"minecraft:spider":7,"minecraft:skeleton":12,"luminousworld:miner_skeleton":1,"minecraft:chicken":5,"luminousworld:charaxes":1,"luminousworld:savannah_zombie":2,"minecraft:piglin":1,"mutantmonsters:mutant_skeleton":1,"minecraft:hoglin":1,"minecraft:sheep":3,"luminousworld:savannah_skeleton":1,"minecraft:zombie":13,"mythicmounts:netherbat":1,"minecraft:glow_squid":1,"minecraft:cow":12},"minecraft:crafted":{"mutantmonsters:mutant_skeleton_leggings":1,"minecraft:oak_planks":120,"minecraft:cooked_chicken":2,"minecraft:furnace":2,"minecraft:cooked_mutton":1,"mutantmonsters:mutant_skeleton_chestplate":1,"mutantmonsters:mutant_skeleton_arms":1,"minecraft:diamond_helmet":1,"minecraft:bow":1,"minecraft:diamond_leggings":1,"minecraft:iron_axe":54,"mutantmonsters:mutant_skeleton_boots":1,"minecraft:stone_pickaxe":1,"minecraft:chest":3,"minecraft:diamond_boots":1,"mutantmonsters:mutant_skeleton_rib_cage":1,"minecraft:dark_oak_planks":868,"minecraft:cooked_beef":20,"minecraft:diamond_sword":1,"minecraft:emerald":688,"minecraft:cooked_porkchop":5,"minecraft:diamond_axe":9,"minecraft:crafting_table":6,"minecraft:spruce_planks":9464,"minecraft:wooden_pickaxe":1,"minecraft:iron_helmet":11,"minecraft:chainmail_chestplate":17,"minecraft:smithing_table":1,"minecraft:golden_pickaxe":1,"minecraft:bucket":1,"minecraft:dark_oak_button":11,"minecraft:stone_axe":2,"minecraft:air":0,"minecraft:iron_chestplate":1,"minecraft:emerald_block":32,"minecraft:diamond_pickaxe":2,"minecraft:stick":20893,"minecraft:iron_ingot":13,"minecraft:wooden_axe":1,"minecraft:stone_sword":1,"minecraft:gold_ingot":3,"minecraft:acacia_planks":84,"minecraft:torch":376,"minecraft:diamond_chestplate":1},"minecraft:custom":{"minecraft:interact_with_anvil":1,"minecraft:mob_kills":70,"minecraft:interact_with_crafting_table":44,"minecraft:leave_game":1,"minecraft:time_since_death":168961,"minecraft:climb_one_cm":122,"minecraft:sprint_one_cm":742676,"minecraft:walk_one_cm":233697,"minecraft:drop":113,"minecraft:talked_to_villager":109,"minecraft:play_time":168961,"minecraft:sneak_time":6742,"minecraft:walk_under_water_one_cm":8757,"minecraft:jump":3507,"minecraft:walk_on_water_one_cm":24066,"minecraft:enchant_item":10,"minecraft:total_world_time":168961,"minecraft:interact_with_furnace":39,"minecraft:traded_with_villager":786,"minecraft:interact_with_stonecutter":1,"minecraft:interact_with_grindstone":9,"minecraft:sleep_in_bed":4,"minecraft:time_since_rest":40897,"minecraft:waystone_activated":1,"minecraft:damage_taken":1845,"minecraft:damage_dealt":13103,"minecraft:swim_one_cm":4367,"minecraft:fly_one_cm":817795,"minecraft:open_chest":45,"minecraft:crouch_one_cm":21294,"minecraft:fall_one_cm":94535},"minecraft:picked_up":{"minecraft:iron_chestplate":1,"minecraft:crafting_table":5,"minecraft:chicken":5,"minecraft:stone_slab":3,"minecraft:diamond_sword":1,"gravestone:obituary":1,"minecraft:string":8,"mutantmonsters:mutant_skeleton_skull":2,"minecraft:iron_axe":10,"minecraft:armor_stand":1,"minecraft:gold_nugget":30,"minecraft:cobbled_deepslate":109,"minecraft:spruce_planks":50,"minecraft:beef":20,"minecraft:iron_pickaxe":1,"minecraft:minecart":2,"minecraft:sugar_cane":3,"minecraft:furnace":4,"minecraft:egg":4,"minecraft:dark_oak_sapling":74,"minecraft:stick":307,"minecraft:raw_iron":123,"minecraft:torch":7,"minecraft:acacia_log":21,"minecraft:porkchop":5,"minecraft:redstone":66,"mutantmonsters:mutant_skeleton_pelvis":1,"minecraft:dark_oak_planks":3,"minecraft:stone_sword":1,"minecraft:arrow":11,"minecraft:rotten_flesh":19,"minecraft:peony":1,"mutantmonsters:mutant_skeleton_rib":5,"mutantmonsters:mutant_skeleton_shoulder_pad":2,"minecraft:obsidian":1,"minecraft:mutton":5,"minecraft:white_wool":3,"minecraft:cobblestone":187,"minecraft:feather":3,"minecraft:glow_ink_sac":4,"minecraft:leather":14,"croptopia:glowing_calamari":2,"minecraft:flint":94,"minecraft:tuff":8,"minecraft:oak_log":30,"minecraft:gunpowder":1,"minecraft:lapis_lazuli":251,"mutantmonsters:mutant_skeleton_limb":6,"minecraft:dirt":35,"minecraft:bone":22,"minecraft:apple":8,"minecraft:bow":3,"minecraft:wheat_seeds":4,"minecraft:raw_gold":73,"minecraft:fletching_table":1,"minecraft:acacia_sapling":2,"minecraft:oak_planks":10,"minecraft:sand":12,"minecraft:spruce_sapling":360,"minecraft:spruce_log":2991,"minecraft:dark_oak_log":284,"minecraft:spider_eye":2,"minecraft:purple_bed":1,"minecraft:diamond":64,"minecraft:iron_helmet":1,"minecraft:chainmail_helmet":1,"minecraft:oak_sapling":3,"minecraft:netherrack":111,"minecraft:coal":369,"minecraft:crimson_roots":1}},"DataVersion":3465}