{"stats":{"minecraft:broken":{"minecraft:iron_axe":2,"minecraft:stone_axe":1},"minecraft:mined":{"minecraft:dark_oak_planks":3,"minecraft:nether_gold_ore":7,"minecraft:tuff":10,"minecraft:spruce_planks":2,"minecraft:deepslate_diamond_ore":27,"minecraft:dark_oak_log":287,"minecraft:obsidian":1,"minecraft:acacia_log":21,"minecraft:grass_block":39,"minecraft:spruce_leaves":19,"luminousworld:savanna_grass_2":1,"minecraft:large_fern":3,"minecraft:spruce_sapling":3,"minecraft:furnace":5,"bno:nether_coal_ore":17,"minecraft:iron_ore":34,"minecraft:cobbled_deepslate":3,"minecraft:andesite":23,"minecraft:fletching_table":1,"minecraft:deepslate_lapis_ore":7,"minecraft:peony":1,"minecraft:deepslate_iron_ore":21,"minecraft:rail":5,"minecraft:stone":344,"minecraft:deepslate_redstone_ore":11,"minecraft:crimson_nylium":6,"ironfurnaces:iron_furnace":2,"minecraft:crafting_table":5,"minecraft:torch":1,"minecraft:stone_slab":3,"minecraft:copper_ore":5,"minecraft:tall_grass":16,"minecraft:cobblestone":4,"minecraft:lapis_ore":4,"minecraft:deepslate_gold_ore":30,"minecraft:sugar_cane":5,"minecraft:oak_planks":11,"minecraft:wall_torch":3,"minecraft:purple_bed":1,"mutantmonsters:mutant_skeleton_skull":1,"minecraft:spruce_log":3014,"minecraft:grass":84,"minecraft:oak_log":32,"minecraft:coal_ore":184,"minecraft:sand":26,"minecraft:dark_oak_sapling":7,"minecraft:gravel":104,"minecraft:dripstone_block":4,"minecraft:dirt":2,"minecraft:netherrack":138,"luminousworld:savannah_grass_4":2,"minecraft:gold_ore":4,"minecraft:deepslate":118,"minecraft:oak_leaves":1,"minecraft:fern":3},"minecraft:dropped":{"minecraft:wheat_seeds":10,"minecraft:diamond_axe":2,"minecraft:minecart":1,"minecraft:dark_oak_sapling":5,"minecraft:iron_helmet":7,"minecraft:cobblestone":7,"mutantmonsters:mutant_skeleton_boots":1,"minecraft:oxeye_daisy":1,"minecraft:dirt":4,"minecraft:stone_button":11,"minecraft:iron_axe":62,"minecraft:string":3,"minecraft:redstone":2,"minecraft:stone_axe":1,"minecraft:stone_sword":1,"minecraft:tuff":8,"minecraft:chainmail_chestplate":17,"mutantmonsters:mutant_skeleton_chestplate":1,"minecraft:diamond_sword":1,"minecraft:peony":1,"mutantmonsters:mutant_skeleton_leggings":1,"minecraft:bow":1,"mutantmonsters:mutant_skeleton_skull":1},"minecraft:used":{"minecraft:stone_sword":134,"minecraft:chest":5,"minecraft:spruce_planks":4,"minecraft:stone":2,"minecraft:cooked_chicken":3,"minecraft:rotten_flesh":1,"minecraft:netherrack":8,"minecraft:torch":385,"minecraft:dirt":81,"minecraft:mutton":4,"securitycraft:keypad_item":1,"minecraft:acacia_sapling":2,"minecraft:glass":1,"minecraft:dark_oak_planks":4,"minecraft:wooden_axe":35,"minecraft:iron_axe":513,"ironfurnaces:iron_furnace":2,"minecraft:oak_sapling":1,"minecraft:furnace":6,"minecraft:minecart":3,"minecraft:cooked_beef":25,"minecraft:cobbled_deepslate":167,"minecraft:dark_oak_sapling":44,"minecraft:cooked_mutton":1,"minecraft:water_bucket":2,"minecraft:diamond_boots":1,"weather2:weather_deflector":1,"minecraft:oak_planks":10,"minecraft:stone_pickaxe":62,"minecraft:wooden_pickaxe":9,"minecraft:composter":1,"minecraft:sugar_cane":10,"minecraft:diamond_axe":2668,"minecraft:rail":2,"minecraft:crafting_table":9,"minecraft:spruce_log":83,"mutantmonsters:mutant_skeleton_skull":1,"minecraft:diamond_pickaxe":1031,"minecraft:apple":1,"minecraft:diamond_shovel":44,"minecraft:dark_oak_log":1,"minecraft:bread":1,"minecraft:iron_pickaxe":33,"minecraft:spruce_sapling":220,"minecraft:stone_axe":244,"minecraft:diamond_sword":126,"ironfurnaces:emerald_furnace":1,"minecraft:cobblestone":74,"minecraft:purple_bed":1,"minecraft:smithing_table":1,"minecraft:cooked_porkchop":11,"minecraft:bucket":3,"minecraft:diamond_leggings":1,"minecraft:golden_pickaxe":1},"minecraft:killed":{"sullysmod:bouldering_zombie":2,"luminousworld:miner_zombie":3,"mythicmounts:dragon":1,"minecraft:spider":7,"minecraft:skeleton":14,"luminousworld:miner_skeleton":1,"minecraft:chicken":5,"luminousworld:charaxes":1,"luminousworld:savannah_zombie":2,"minecraft:piglin":1,"minecraft:pig":2,"mutantmonsters:mutant_skeleton":1,"minecraft:hoglin":1,"minecraft:sheep":7,"luminousworld:savannah_skeleton":1,"minecraft:zombie":14,"mythicmounts:netherbat":1,"minecraft:glow_squid":1,"minecraft:cow":12},"minecraft:crafted":{"mutantmonsters:mutant_skeleton_leggings":1,"minecraft:oak_planks":120,"weather2:weather_item":1,"ironfurnaces:gold_furnace":1,"minecraft:cooked_chicken":2,"minecraft:furnace":2,"minecraft:stone_button":11,"ironfurnaces:iron_furnace":1,"minecraft:stone":41,"securitycraft:keypad_item":1,"minecraft:diamond_shovel":1,"ironfurnaces:diamond_furnace":1,"minecraft:heavy_weighted_pressure_plate":1,"weather2:weather_deflector":1,"minecraft:cooked_mutton":1,"minecraft:glass_pane":16,"mutantmonsters:mutant_skeleton_chestplate":1,"mutantmonsters:mutant_skeleton_arms":1,"ironfurnaces:emerald_furnace":1,"securitycraft:laser_block":1,"minecraft:glass":12,"minecraft:diamond_helmet":1,"minecraft:bow":2,"minecraft:diamond_leggings":1,"minecraft:iron_axe":54,"minecraft:spruce_slab":12,"mutantmonsters:mutant_skeleton_boots":1,"minecraft:stone_pickaxe":1,"minecraft:chest":5,"minecraft:diamond_boots":1,"mutantmonsters:mutant_skeleton_rib_cage":1,"minecraft:redstone_block":1,"minecraft:dark_oak_planks":868,"minecraft:cooked_beef":20,"minecraft:diamond_sword":1,"minecraft:emerald":742,"minecraft:cooked_porkchop":5,"minecraft:diamond_axe":9,"minecraft:crafting_table":6,"minecraft:spruce_planks":9508,"minecraft:wooden_pickaxe":1,"minecraft:iron_helmet":11,"minecraft:chainmail_chestplate":17,"minecraft:smithing_table":1,"minecraft:golden_pickaxe":1,"minecraft:gold_block":1,"minecraft:bucket":1,"minecraft:dark_oak_button":11,"minecraft:stone_axe":2,"minecraft:bread":108,"minecraft:air":0,"minecraft:iron_chestplate":1,"minecraft:emerald_block":32,"minecraft:diamond_pickaxe":2,"minecraft:shield":1,"minecraft:stick":20893,"minecraft:iron_ingot":59,"minecraft:wooden_axe":1,"minecraft:stone_sword":1,"minecraft:gold_ingot":13,"minecraft:composter":1,"minecraft:acacia_planks":84,"minecraft:torch":376,"securitycraft:universal_block_reinforcer_lvl1":1,"minecraft:diamond_chestplate":1},"minecraft:custom":{"minecraft:interact_with_anvil":1,"minecraft:mob_kills":79,"minecraft:interact_with_crafting_table":66,"minecraft:leave_game":1,"minecraft:time_since_death":216961,"minecraft:climb_one_cm":122,"minecraft:sprint_one_cm":862990,"minecraft:walk_one_cm":297090,"minecraft:drop":122,"minecraft:talked_to_villager":113,"minecraft:play_time":216961,"minecraft:sneak_time":8008,"minecraft:walk_under_water_one_cm":9613,"minecraft:jump":4238,"minecraft:walk_on_water_one_cm":26878,"minecraft:enchant_item":10,"minecraft:total_world_time":216961,"minecraft:interact_with_furnace":88,"minecraft:traded_with_villager":804,"minecraft:interact_with_stonecutter":1,"minecraft:interact_with_grindstone":9,"minecraft:sleep_in_bed":7,"minecraft:time_since_rest":13030,"minecraft:waystone_activated":1,"minecraft:damage_taken":1947,"minecraft:damage_dealt":14126,"minecraft:swim_one_cm":6844,"minecraft:fly_one_cm":1027840,"minecraft:open_chest":77,"minecraft:crouch_one_cm":27897,"minecraft:fall_one_cm":113095},"minecraft:picked_up":{"minecraft:iron_chestplate":1,"minecraft:crafting_table":5,"minecraft:chicken":5,"minecraft:stone_slab":3,"minecraft:diamond_sword":1,"gravestone:obituary":1,"minecraft:string":8,"mutantmonsters:mutant_skeleton_skull":2,"minecraft:iron_axe":10,"minecraft:armor_stand":1,"minecraft:gold_nugget":30,"minecraft:cobbled_deepslate":112,"minecraft:spruce_planks":50,"minecraft:beef":20,"minecraft:iron_pickaxe":1,"minecraft:minecart":3,"minecraft:sugar_cane":10,"minecraft:furnace":5,"minecraft:egg":4,"minecraft:dark_oak_sapling":74,"minecraft:stick":307,"minecraft:raw_iron":123,"minecraft:torch":11,"minecraft:acacia_log":21,"minecraft:porkchop":9,"minecraft:stone_button":11,"minecraft:redstone":66,"mutantmonsters:mutant_skeleton_pelvis":1,"minecraft:dark_oak_planks":3,"minecraft:stone_sword":1,"minecraft:arrow":12,"minecraft:rotten_flesh":23,"minecraft:peony":1,"mutantmonsters:mutant_skeleton_rib":5,"mutantmonsters:mutant_skeleton_shoulder_pad":2,"minecraft:obsidian":1,"minecraft:mutton":12,"minecraft:rail":5,"minecraft:oxeye_daisy":1,"minecraft:white_wool":7,"minecraft:cobblestone":192,"minecraft:feather":3,"minecraft:glow_ink_sac":4,"minecraft:leather":14,"croptopia:glowing_calamari":2,"minecraft:flint":94,"minecraft:tuff":8,"minecraft:oak_log":30,"minecraft:gunpowder":1,"minecraft:lapis_lazuli":251,"mutantmonsters:mutant_skeleton_limb":6,"minecraft:dirt":105,"securitycraft:reinforced_stone_button":11,"minecraft:bone":24,"minecraft:apple":8,"minecraft:bow":3,"minecraft:wheat_seeds":11,"minecraft:raw_gold":129,"minecraft:fletching_table":1,"ironfurnaces:iron_furnace":2,"minecraft:acacia_sapling":2,"minecraft:oak_planks":10,"minecraft:sand":37,"minecraft:spruce_sapling":360,"minecraft:spruce_log":2997,"minecraft:dark_oak_log":284,"minecraft:spider_eye":2,"minecraft:purple_bed":1,"minecraft:diamond":64,"minecraft:iron_helmet":1,"minecraft:chainmail_helmet":1,"minecraft:oak_sapling":3,"minecraft:netherrack":111,"minecraft:coal":391,"minecraft:crimson_roots":1}},"DataVersion":3465}