{"stats":{"minecraft:broken":{"minecraft:golden_helmet":2,"minecraft:iron_boots":4,"minecraft:iron_chestplate":3,"minecraft:iron_leggings":3,"minecraft:chainmail_boots":1,"minecraft:golden_leggings":1,"minecraft:stone_pickaxe":1,"minecraft:diamond_pickaxe":2,"minecraft:wooden_axe":1,"minecraft:wooden_pickaxe":1,"minecraft:shield":1,"minecraft:iron_axe":1,"minecraft:iron_pickaxe":2,"minecraft:iron_helmet":2},"minecraft:mined":{"minecraft:dark_oak_planks":13,"minecraft:stone_pressure_plate":1,"minecraft:large_amethyst_bud":1,"minecraft:spruce_planks":45,"minecraft:white_bed":6,"minecraft:light_blue_concrete":3,"minecraft:cobblestone_stairs":4,"minecraft:jungle_leaves":4,"minecraft:obsidian":13,"minecraft:spruce_trapdoor":1,"minecraft:granite":153,"minecraft:budding_amethyst":12,"minecraft:acacia_log":36,"minecraft:grass_block":40,"minecraft:dead_tube_coral_block":1,"unusualprehistory:deepslate_fossil":5,"ava:gun_colouring_table":2,"minecraft:cracked_polished_blackstone_bricks":27,"minecraft:coal_block":17,"minecraft:hopper":3,"minecraft:spawner":3,"iceandfire:crackled_cobblestone":1,"minecraft:polished_blackstone_bricks":135,"minecraft:tall_seagrass":1,"minecraft:magma_block":11,"minecraft:glowstone":59,"bno:nether_coal_ore":46,"minecraft:iron_ore":137,"minecraft:barrel":1,"minecraft:cobbled_deepslate":79,"minecraft:fire":14,"minecraft:pumpkin":20,"minecraft:anvil":2,"minecraft:deepslate_lapis_ore":9,"bno:nether_iron_ore":25,"minecraft:cave_vines":2,"iceandfire:gold_pile":44,"minecraft:small_amethyst_bud":1,"minecraft:oak_stairs":2,"minecraft:smooth_sandstone_stairs":1,"minecraft:green_bed":2,"minecraft:spruce_slab":14,"minecraft:tripwire":1,"minecraft:sandstone_slab":1,"minecraft:deepslate_redstone_ore":20,"minecraft:blue_wall_banner":2,"minecraft:cut_sandstone":50,"minecraft:blackstone":113,"minecraft:crimson_nylium":12,"minecraft:smoker":2,"minecraft:orange_terracotta":3,"minecraft:clay":5,"minecraft:torch":31,"minecraft:light_gray_terracotta":1,"bno:nether_emerald_ore":5,"minecraft:blast_furnace":8,"minecraft:calcite":8,"minecraft:melon":2,"minecraft:chest":7,"minecraft:dead_bush":1,"minecraft:nether_quartz_ore":96,"minecraft:cobblestone":113,"minecraft:honeycomb_block":6,"minecraft:oak_planks":85,"minecraft:sugar_cane":9,"minecraft:bricks":9,"minecraft:wall_torch":55,"minecraft:amethyst_block":98,"minecraft:skeleton_skull":1,"minecraft:seagrass":1,"minecraft:chain":6,"minecraft:red_candle":2,"minecraft:jungle_wood":7,"iceandfire:crackled_stone":1,"minecraft:nether_wart_block":5,"minecraft:mud":1,"minecraft:birch_log":54,"minecraft:birch_trapdoor":1,"unusualprehistory:stone_fossil":6,"minecraft:tnt":14,"minecraft:light_gray_wool":2,"minecraft:warped_fungus":2,"minecraft:grass":39,"minecraft:oak_log":41,"structure_gel:dynamic_spawner":4,"minecraft:sand":27,"minecraft:dirt":34,"minecraft:sandstone_wall":4,"minecraft:yellow_terracotta":2,"minecraft:smooth_basalt":3,"minecraft:dark_prismarine":2,"bno:nether_lapis_ore":6,"minecraft:netherrack":428,"minecraft:cyan_candle":1,"minecraft:oak_leaves":1,"minecraft:deepslate":217,"minecraft:nether_gold_ore":27,"minecraft:diamond_ore":6,"iceandfire:silver_ore":6,"minecraft:mossy_cobblestone":48,"minecraft:deepslate_diamond_ore":17,"minecraft:mangrove_roots":1,"minecraft:cobbled_deepslate_slab":71,"gravestone:gravestone":64,"minecraft:dark_oak_fence":1,"minecraft:ladder":13,"minecraft:spruce_fence":5,"minecraft:crimson_roots":13,"minecraft:redstone_wire":3,"iceandfire:deepslate_silver_ore":4,"minecraft:spruce_leaves":2,"minecraft:moss_block":5,"minecraft:sandstone":26,"minecraft:spore_blossom":1,"minecraft:light_blue_wall_banner":1,"minecraft:redstone_ore":4,"minecraft:packed_mud":2,"minecraft:furnace":6,"minecraft:chiseled_sandstone":2,"minecraft:andesite":602,"minecraft:gold_block":12,"minecraft:bookshelf":4,"minecraft:shroomlight":8,"minecraft:deepslate_iron_ore":33,"minecraft:vine":2,"minecraft:lantern":10,"minecraft:stripped_oak_log":3,"luminousworld:groundpebbles_2":1,"minecraft:stone":218,"minecraft:white_wool":3,"minecraft:smithing_table":1,"minecraft:oak_slab":13,"minecraft:acacia_leaves":9,"minecraft:glass_pane":4,"minecraft:brick_wall":2,"minecraft:basalt":14,"unusualprehistory:stone_opal_ore":1,"minecraft:polished_granite":1,"minecraft:oak_fence":11,"minecraft:smooth_sandstone":94,"minecraft:crafting_table":6,"minecraft:honey_block":27,"minecraft:rose_bush":9,"minecraft:campfire":2,"minecraft:copper_ore":66,"minecraft:stone_slab":15,"minecraft:tall_grass":16,"minecraft:lapis_ore":9,"minecraft:spruce_stairs":6,"minecraft:birch_planks":1,"minecraft:coarse_dirt":8,"minecraft:dark_oak_wall_sign":3,"minecraft:creeper_head":2,"minecraft:sweet_berry_bush":12,"minecraft:spruce_log":10,"minecraft:birch_leaves":14,"minecraft:jungle_fence":1,"minecraft:red_wall_banner":2,"minecraft:coal_ore":115,"luminousworld:ishstone":5,"minecraft:gravel":27,"minecraft:acacia_door":5,"minecraft:cobweb":70,"minecraft:terracotta":108,"minecraft:polished_andesite":1,"minecraft:gold_ore":69,"minecraft:acacia_wall_sign":3,"minecraft:fern":1},"minecraft:used":{"minecraft:iron_shovel":72,"minecraft:spruce_slab":8,"minecraft:carrot_on_a_stick":2,"minecraft:ladder":3,"minecraft:chest":23,"minecraft:shield":217,"minecraft:iron_sword":431,"minecraft:stone":11,"minecraft:iron_chestplate":1,"minecraft:mutton":1,"securitycraft:keypad_item":7,"minecraft:obsidian":13,"minecraft:glass":10,"minecraft:spruce_boat":2,"minecraft:jungle_sapling":1,"minecraft:lava_bucket":2,"minecraft:birch_sapling":18,"minecraft:bricks":9,"minecraft:lantern":11,"minecraft:packed_mud":2,"minecraft:stone_bricks":6,"minecraft:magma_block":2,"minecraft:warped_fungus":1,"minecraft:cooked_cod":5,"minecraft:furnace":7,"minecraft:egg":5,"ava:gun_crafting_table":1,"minecraft:spruce_door":2,"minecraft:oak_planks":374,"minecraft:stone_pickaxe":133,"minecraft:blackstone":114,"minecraft:wooden_pickaxe":92,"minecraft:sandstone":1,"minecraft:white_wool":3,"minecraft:sand":24,"minecraft:light_blue_concrete":1,"minecraft:blast_furnace":12,"minecraft:crossbow":18,"waystones:waystone":1,"minecraft:acacia_door":5,"minecraft:melon_slice":17,"minecraft:string":1,"minecraft:bread":98,"minecraft:deepslate":1,"minecraft:polished_granite":1,"minecraft:gravel":17,"minecraft:coal_block":10,"minecraft:diamond_sword":822,"minecraft:wooden_sword":8,"sons_of_sins:flesh_of_demise":2,"minecraft:grindstone":1,"minecraft:smithing_table":2,"minecraft:andesite":467,"minecraft:coarse_dirt":5,"minecraft:oak_fence":74,"minecraft:experience_bottle":18,"minecraft:stone_sword":108,"minecraft:flint_and_steel":1,"securitycraft:keypad_chest":16,"minecraft:redstone":2,"minecraft:spruce_planks":44,"ava:gun_colouring_table":2,"minecraft:cooked_salmon":8,"minecraft:cooked_chicken":8,"minecraft:netherrack":227,"minecraft:torch":163,"minecraft:dirt":20,"minecraft:anvil":4,"minecraft:hopper":3,"minecraft:spruce_stairs":5,"minecraft:granite":111,"minecraft:spruce_fence":4,"ava:builders_table":1,"minecraft:shroomlight":8,"minecraft:wooden_axe":46,"minecraft:iron_axe":418,"minecraft:smooth_sandstone":34,"minecraft:barrel":1,"minecraft:glowstone":2,"minecraft:beef":3,"minecraft:cooked_beef":15,"minecraft:cobbled_deepslate":233,"minecraft:pumpkin":18,"minecraft:cooked_mutton":13,"minecraft:acacia_boat":5,"minecraft:water_bucket":4,"minecraft:birch_planks":2,"minecraft:lead":1,"minecraft:baked_potato":32,"weather2:weather_deflector":1,"minecraft:cut_sandstone":1,"luminousworld:ishstone":2,"minecraft:stonecutter":1,"securitycraft:scanner_door_item":2,"minecraft:polished_blackstone_bricks":74,"minecraft:jungle_wood":7,"minecraft:mossy_cobblestone":35,"minecraft:terracotta":96,"minecraft:rail":1,"minecraft:crafting_table":16,"minecraft:oak_slab":45,"minecraft:white_bed":7,"minecraft:smoker":4,"minecraft:oak_log":37,"minecraft:diamond_pickaxe":2895,"minecraft:apple":34,"minecraft:chicken":1,"minecraft:iron_pickaxe":697,"minecraft:map":1,"minecraft:spruce_trapdoor":2,"minecraft:stone_axe":80,"minecraft:fishing_rod":10,"minecraft:cobblestone":296,"minecraft:cobbled_deepslate_slab":113,"minecraft:cooked_porkchop":46,"minecraft:bucket":5,"minecraft:pumpkin_pie":4},"minecraft:dropped":{"minecraft:iron_sword":1,"minecraft:acacia_boat":1,"minecraft:moss_block":8,"minecraft:baked_potato":2,"minecraft:crossbow":2,"minecraft:leather":13,"minecraft:dirt":3,"minecraft:crimson_roots":9,"gravestone:obituary":64,"minecraft:bone_meal":308,"minecraft:iron_pickaxe":1,"minecraft:dark_oak_planks":1,"minecraft:white_wool":1,"minecraft:gold_ingot":12,"minecraft:gravel":24,"usefulbackpacks:backpack_large":1,"minecraft:stone_axe":1,"minecraft:sugar_cane":9,"minecraft:mangrove_roots":1,"minecraft:cobbled_deepslate":1,"minecraft:rotten_flesh":86,"minecraft:oak_planks":12,"minecraft:poppy":5,"minecraft:acacia_sapling":16,"minecraft:ladder":1,"minecraft:arrow":1,"minecraft:bread":3,"minecraft:wheat_seeds":9,"minecraft:golden_helmet":1,"minecraft:golden_horse_armor":1,"minecraft:bookshelf":40,"minecraft:cobblestone":7,"minecraft:feather":9,"minecraft:lead":1,"minecraft:book":1,"minecraft:acacia_log":6,"minecraft:pufferfish":2,"minecraft:stick":6,"minecraft:wooden_axe":3,"minecraft:iron_axe":1,"minecraft:pumpkin":22,"minecraft:iron_shovel":1,"minecraft:string":4,"minecraft:lily_pad":1,"minecraft:acacia_planks":7,"minecraft:dandelion":1,"minecraft:moss_carpet":1,"minecraft:stone_sword":1,"minecraft:coarse_dirt":3,"minecraft:light_gray_terracotta":1,"minecraft:chicken":1,"minecraft:iron_boots":1,"minecraft:cobbled_deepslate_slab":1,"minecraft:diamond_sword":2,"minecraft:stone":1,"minecraft:spruce_planks":2,"minecraft:diamond_pickaxe":2,"minecraft:andesite":46,"minecraft:oak_sapling":3,"minecraft:golden_sword":2,"minecraft:bow":3,"minecraft:terracotta":5},"minecraft:killed_by":{"minecraft:zombified_piglin":1,"minecraft:piglin_brute":4,"minecraft:husk":1,"minecraft:hoglin":1},"minecraft:killed":{"luminousworld:miner_zombie":1,"minecraft:cave_spider":53,"minecraft:zombified_piglin":4,"minecraft:witch":3,"mythicmounts:dragon":2,"minecraft:spider":80,"minecraft:skeleton":79,"minecraft:chicken":7,"ava:blue_robot":10,"minecraft:piglin_brute":5,"luminousworld:charaxes":1,"minecraft:piglin":48,"minecraft:pig":3,"luminousworld:hollow":15,"minecraft:salmon":17,"minecraft:iron_golem":3,"minecraft:creeper":9,"minecraft:sheep":5,"minecraft:pillager":11,"luminousworld:savannah_skeleton":5,"minecraft:zombie":80,"mutantmonsters:mutant_creeper":1,"minecraft:cow":4,"iceandfire:fire_dragon":1,"minecraft:drowned":1,"iceandfire:deathworm":3,"luminousworld:savannah_zombie":6,"minecraft:husk":48,"minecraft:bat":1,"minecraft:hoglin":18,"endermanoverhaul:cave_enderman":1,"mutantmonsters:creeper_minion":7,"sons_of_sins:betrayed_guzzler":2,"minecraft:enderman":1},"minecraft:crafted":{"minecraft:smooth_stone":12,"minecraft:oak_planks":104,"minecraft:cooked_chicken":5,"waystones:waystone":2,"minecraft:stone":39,"minecraft:cooked_mutton":11,"minecraft:hopper":1,"ava:work_hardened_iron":108,"minecraft:iron_boots":3,"minecraft:chest":17,"ava:gun_crafting_table":1,"minecraft:stone_bricks":12,"minecraft:cooked_rabbit":2,"minecraft:smoker":2,"minecraft:oak_slab":12,"minecraft:deepslate":1,"minecraft:emerald":153,"minecraft:cooked_porkchop":51,"minecraft:crafting_table":7,"minecraft:spruce_planks":36,"minecraft:iron_helmet":2,"minecraft:wooden_pickaxe":2,"minecraft:baked_potato":136,"minecraft:smithing_table":1,"minecraft:copper_ingot":212,"waystones:warp_stone":3,"minecraft:birch_planks":40,"minecraft:iron_chestplate":6,"minecraft:diamond_pickaxe":2,"minecraft:golden_leggings":1,"minecraft:charcoal":44,"minecraft:shield":2,"minecraft:stick":48,"usefulbackpacks:backpack_large":1,"minecraft:iron_ingot":180,"minecraft:iron_pickaxe":3,"minecraft:iron_block":3,"minecraft:stone_sword":1,"minecraft:acacia_door":3,"minecraft:gold_ingot":156,"ava:gun_colouring_table":1,"minecraft:shears":1,"minecraft:wooden_sword":1,"minecraft:cobbled_deepslate_slab":30,"minecraft:redstone":9,"minecraft:fishing_rod":2,"minecraft:iron_nugget":63,"minecraft:furnace":7,"minecraft:blast_furnace":4,"minecraft:bone_meal":327,"minecraft:flint_and_steel":1,"minecraft:iron_axe":2,"minecraft:stone_pickaxe":1,"usefulbackpacks:backpack_medium":1,"minecraft:spruce_boat":1,"minecraft:redstone_block":1,"minecraft:dark_oak_planks":16,"minecraft:lead":2,"minecraft:golden_helmet":2,"the_bumblezone:music_disc_life_renren":2,"minecraft:cooked_beef":15,"minecraft:sugar":9,"minecraft:cooked_cod":49,"minecraft:bone_block":6,"minecraft:diamond_sword":2,"minecraft:cooked_salmon":39,"minecraft:bucket":2,"minecraft:stone_axe":1,"minecraft:air":0,"minecraft:acacia_boat":1,"ava:compressed_wood":4,"minecraft:wooden_axe":2,"minecraft:iron_shovel":1,"ava:packed_gunpowder":10,"minecraft:iron_leggings":4,"minecraft:anvil":2,"minecraft:stonecutter":1,"minecraft:white_bed":1,"minecraft:acacia_planks":96,"minecraft:torch":40,"minecraft:carrot_on_a_stick":1},"minecraft:custom":{"minecraft:interact_with_crafting_table":166,"minecraft:open_barrel":70,"goblintraders:trade_with_goblin":1,"minecraft:bell_ring":4,"minecraft:leave_game":34,"minecraft:time_since_death":224,"minecraft:sprint_one_cm":2530924,"minecraft:damage_blocked_by_shield":8450,"minecraft:drop":220,"minecraft:play_noteblock":2,"minecraft:talked_to_villager":22,"minecraft:play_time":1693639,"minecraft:deaths":76,"minecraft:jump":13251,"minecraft:interact_with_brewingstand":1,"minecraft:walk_on_water_one_cm":234047,"minecraft:interact_with_furnace":88,"minecraft:traded_with_villager":2,"minecraft:interact_with_cartography_table":2,"minecraft:interact_with_loom":1,"minecraft:sleep_in_bed":7,"minecraft:waystone_activated":2,"minecraft:damage_dealt":115011,"minecraft:crouch_one_cm":28695,"minecraft:interact_with_smoker":78,"minecraft:horse_one_cm":2020085,"minecraft:interact_with_smithing_table":26,"minecraft:interact_with_anvil":34,"minecraft:mob_kills":548,"minecraft:inspect_hopper":8,"minecraft:climb_one_cm":41716,"minecraft:walk_one_cm":5325920,"minecraft:sneak_time":14334,"minecraft:walk_under_water_one_cm":129513,"minecraft:boat_one_cm":862904,"minecraft:interact_with_blast_furnace":101,"minecraft:total_world_time":1693639,"minecraft:interact_with_grindstone":2,"minecraft:interact_with_stonecutter":7,"minecraft:time_since_rest":248,"minecraft:damage_taken":37352,"minecraft:trigger_trapped_chest":3,"minecraft:swim_one_cm":151070,"minecraft:fly_one_cm":2333380,"minecraft:open_chest":846,"minecraft:fish_caught":2,"minecraft:fall_one_cm":322307},"minecraft:picked_up":{"minecraft:wooden_axe":4,"iceandfire:deathworm_egg":1,"minecraft:creeper_head":2,"minecraft:iron_chestplate":3,"minecraft:light_blue_concrete":3,"minecraft:chainmail_boots":1,"minecraft:anvil":2,"minecraft:stone_slab":15,"minecraft:smithing_table":1,"minecraft:lead":18,"minecraft:diamond_sword":2,"minecraft:potion":2,"minecraft:enchanted_book":3,"minecraft:nether_brick":49,"minecraft:golden_sword":2,"minecraft:amethyst_block":98,"minecraft:dead_tube_coral_block":1,"minecraft:string":235,"minecraft:raw_copper":229,"minecraft:red_candle":4,"minecraft:shroomlight":8,"minecraft:gold_nugget":546,"minecraft:cobbled_deepslate":291,"bosses_of_mass_destruction:soul_star":4,"minecraft:spruce_planks":24,"minecraft:acacia_sign":3,"minecraft:redstone_torch":2,"minecraft:rose_bush":1,"minecraft:calcite":8,"minecraft:iron_pickaxe":1,"weather2:weather_deflector":1,"minecraft:melon_slice":12,"minecraft:coal_block":17,"minecraft:iron_boots":4,"minecraft:furnace":6,"minecraft:golden_helmet":1,"minecraft:stick":29,"minecraft:birch_trapdoor":3,"minecraft:green_bed":2,"minecraft:oak_fence":8,"minecraft:acacia_log":36,"minecraft:torch":87,"minecraft:brick_wall":2,"minecraft:spruce_stairs":5,"minecraft:porkchop":45,"minecraft:sandstone_wall":5,"minecraft:honeycomb_block":7,"minecraft:rotten_flesh":159,"iceandfire:deathworm_chitin_yellow":2,"minecraft:mangrove_roots":1,"minecraft:obsidian":26,"minecraft:cod":2,"minecraft:cobblestone":331,"minecraft:birch_log":54,"minecraft:magma_block":4,"minecraft:feather":12,"minecraft:andesite":614,"minecraft:jungle_wood":7,"minecraft:smoker":2,"minecraft:potato":2,"minecraft:flint":4,"minecraft:smooth_sandstone_stairs":1,"minecraft:stripped_birch_log":2,"minecraft:acacia_boat":5,"minecraft:lapis_lazuli":160,"minecraft:dirt":75,"minecraft:lantern":11,"minecraft:polished_granite":1,"minecraft:bone":99,"minecraft:acacia_planks":4,"minecraft:bow":3,"minecraft:wheat_seeds":16,"minecraft:raw_gold":68,"minecraft:cobbled_deepslate_slab":91,"minecraft:dark_oak_sign":3,"minecraft:cyan_candle":2,"minecraft:rabbit":2,"minecraft:glowstone_dust":177,"minecraft:moss_block":11,"minecraft:oak_planks":99,"iceandfire:dragon_skull_fire":1,"minecraft:sand":69,"minecraft:chiseled_sandstone":2,"minecraft:mossy_cobblestone":48,"minecraft:spectral_arrow":126,"minecraft:barrel":1,"sons_of_sins:flesh_of_demise":2,"minecraft:dark_prismarine":2,"minecraft:iron_hoe":1,"minecraft:light_gray_terracotta":1,"minecraft:sugar":2,"minecraft:diamond":23,"minecraft:spruce_boat":2,"iceandfire:crackled_stone":1,"minecraft:blue_banner":2,"minecraft:cracked_polished_blackstone_bricks":22,"minecraft:crossbow":2,"minecraft:granite":151,"minecraft:bone_meal":1,"minecraft:spruce_sign":1,"minecraft:chainmail_helmet":1,"minecraft:golden_horse_armor":1,"minecraft:emerald":17,"minecraft:bread":20,"minecraft:oak_sapling":1,"minecraft:netherrack":420,"minecraft:bricks":9,"minecraft:crimson_roots":9,"iceandfire:raw_silver":10,"minecraft:diamond_pickaxe":2,"minecraft:charcoal":4,"minecraft:mud":1,"luminousworld:groundpebbles_1":1,"minecraft:coarse_dirt":8,"minecraft:crafting_table":6,"minecraft:sandstone_slab":2,"minecraft:splash_potion":1,"minecraft:chicken":7,"minecraft:ladder":5,"minecraft:clay_ball":36,"minecraft:gold_block":12,"gravestone:obituary":18,"minecraft:moss_carpet":1,"minecraft:iron_axe":3,"minecraft:acacia_door":5,"minecraft:iron_shovel":3,"minecraft:blackstone":218,"unusualprehistory:paleo_fossil":5,"minecraft:beef":10,"minecraft:light_gray_wool":2,"minecraft:jungle_sapling":2,"minecraft:iron_nugget":38,"minecraft:poppy":6,"minecraft:spruce_slab":13,"minecraft:sugar_cane":18,"minecraft:chest":6,"minecraft:birch_sapling":18,"minecraft:spruce_trapdoor":3,"minecraft:egg":16,"iceandfire:dragonbone":21,"minecraft:raw_iron":200,"minecraft:sandstone":46,"minecraft:stone":2,"minecraft:oak_door":1,"iceandfire:deathworm_chitin_red":3,"minecraft:spruce_fence":4,"minecraft:fire_charge":8,"minecraft:polished_blackstone_bricks":129,"minecraft:cookie":10,"iceandfire:deathworm_chitin_white":1,"minecraft:redstone":108,"minecraft:stone_pressure_plate":1,"minecraft:dark_oak_planks":12,"minecraft:smooth_sandstone_slab":1,"minecraft:tnt":14,"minecraft:arrow":108,"minecraft:weeping_vines":1,"minecraft:sandstone_stairs":1,"minecraft:yellow_terracotta":2,"unusualprehistory:opal_fossil":1,"minecraft:gold_ingot":11,"minecraft:mutton":5,"minecraft:skeleton_skull":1,"minecraft:rail":1,"minecraft:white_wool":7,"minecraft:stripped_oak_log":3,"minecraft:basalt":8,"minecraft:golden_carrot":2,"minecraft:glow_ink_sac":10,"minecraft:salmon":15,"luminousworld:ishstone":5,"minecraft:cut_sandstone":53,"minecraft:leather":49,"minecraft:jungle_fence":1,"minecraft:birch_planks":1,"minecraft:packed_mud":2,"minecraft:oak_log":41,"minecraft:chainmail_chestplate":2,"minecraft:lily_pad":1,"minecraft:nether_wart_block":5,"minecraft:gunpowder":22,"minecraft:cobblestone_stairs":4,"minecraft:white_banner":1,"minecraft:orange_terracotta":3,"minecraft:smooth_sandstone":89,"minecraft:light_blue_banner":1,"minecraft:apple":1,"minecraft:rabbit_hide":1,"minecraft:iron_ingot":97,"minecraft:cobweb":1,"minecraft:glass_bottle":1,"minecraft:iron_sword":3,"minecraft:acacia_sapling":21,"minecraft:soul_sand":52,"iceandfire:crackled_cobblestone":1,"minecraft:oak_slab":19,"minecraft:smooth_basalt":3,"minecraft:warped_fungus":2,"minecraft:pumpkin":40,"minecraft:sweet_berries":30,"minecraft:quartz":163,"minecraft:dandelion":1,"minecraft:gravel":92,"minecraft:red_banner":2,"minecraft:blast_furnace":8,"minecraft:white_bed":6,"minecraft:spruce_log":9,"minecraft:crying_obsidian":15,"minecraft:spider_eye":42,"usefulbackpacks:backpack_large":1,"ava:gun_colouring_table":2,"minecraft:honey_block":28,"minecraft:terracotta":105,"minecraft:baked_potato":2,"minecraft:hopper":3,"minecraft:coal":362,"unusualprehistory:mezo_fossil":6,"minecraft:ender_pearl":12}},"DataVersion":3465}