{"stats":{"minecraft:killed":{"minecraft:cave_spider":1,"minecraft:witch":3,"minecraft:zombified_piglin":4,"minecraft:spider":53,"minecraft:skeleton":69,"minecraft:chicken":7,"ava:blue_robot":10,"minecraft:piglin_brute":5,"minecraft:piglin":48,"minecraft:pig":3,"minecraft:salmon":17,"minecraft:iron_golem":3,"minecraft:creeper":1,"minecraft:sheep":5,"minecraft:pillager":8,"minecraft:zombie":37,"minecraft:cow":4,"luminousworld:savannah_zombie":1,"minecraft:husk":4,"minecraft:bat":1,"minecraft:hoglin":18,"sons_of_sins:betrayed_guzzler":2},"minecraft:killed_by":{"minecraft:zombified_piglin":1,"minecraft:piglin_brute":4,"minecraft:husk":1,"minecraft:hoglin":1},"minecraft:mined":{"minecraft:dark_oak_planks":13,"minecraft:spruce_planks":45,"minecraft:white_bed":6,"minecraft:light_blue_concrete":3,"minecraft:cobblestone_stairs":4,"minecraft:jungle_leaves":4,"minecraft:obsidian":13,"minecraft:spruce_trapdoor":1,"minecraft:granite":14,"minecraft:acacia_log":36,"minecraft:grass_block":38,"ava:gun_colouring_table":2,"minecraft:cracked_polished_blackstone_bricks":27,"minecraft:hopper":3,"minecraft:polished_blackstone_bricks":135,"minecraft:tall_seagrass":1,"minecraft:magma_block":11,"minecraft:glowstone":59,"bno:nether_coal_ore":46,"minecraft:iron_ore":124,"minecraft:barrel":1,"minecraft:cobbled_deepslate":65,"minecraft:fire":7,"minecraft:pumpkin":20,"minecraft:anvil":2,"minecraft:deepslate_lapis_ore":9,"minecraft:cave_vines":1,"bno:nether_iron_ore":25,"minecraft:oak_stairs":2,"minecraft:spruce_slab":14,"minecraft:deepslate_redstone_ore":14,"minecraft:cut_sandstone":2,"minecraft:blackstone":113,"minecraft:smoker":2,"minecraft:crimson_nylium":12,"minecraft:orange_terracotta":2,"minecraft:clay":1,"minecraft:torch":9,"minecraft:light_gray_terracotta":1,"bno:nether_emerald_ore":5,"minecraft:blast_furnace":8,"minecraft:melon":2,"minecraft:chest":7,"minecraft:dead_bush":1,"minecraft:nether_quartz_ore":96,"minecraft:cobblestone":102,"minecraft:oak_planks":79,"minecraft:sugar_cane":9,"minecraft:bricks":9,"minecraft:wall_torch":29,"minecraft:seagrass":1,"minecraft:chain":6,"minecraft:jungle_wood":7,"minecraft:mud":1,"minecraft:nether_wart_block":5,"minecraft:birch_log":54,"minecraft:light_gray_wool":2,"minecraft:warped_fungus":2,"minecraft:grass":31,"minecraft:oak_log":41,"minecraft:sand":24,"minecraft:dirt":33,"minecraft:sandstone_wall":1,"bno:nether_lapis_ore":6,"minecraft:netherrack":428,"minecraft:oak_leaves":1,"minecraft:deepslate":177,"minecraft:nether_gold_ore":27,"minecraft:diamond_ore":6,"minecraft:mossy_cobblestone":43,"minecraft:deepslate_diamond_ore":17,"minecraft:mangrove_roots":1,"minecraft:cobbled_deepslate_slab":70,"gravestone:gravestone":48,"minecraft:ladder":13,"minecraft:dark_oak_fence":1,"minecraft:spruce_fence":5,"minecraft:crimson_roots":13,"minecraft:redstone_wire":2,"minecraft:spruce_leaves":2,"minecraft:moss_block":1,"minecraft:sandstone":2,"minecraft:redstone_ore":4,"minecraft:packed_mud":2,"minecraft:furnace":6,"minecraft:andesite":396,"minecraft:gold_block":1,"minecraft:bookshelf":4,"minecraft:shroomlight":8,"minecraft:deepslate_iron_ore":22,"minecraft:vine":1,"minecraft:lantern":10,"minecraft:stripped_oak_log":1,"minecraft:stone":146,"minecraft:white_wool":3,"minecraft:smithing_table":1,"minecraft:oak_slab":13,"minecraft:acacia_leaves":9,"minecraft:glass_pane":4,"minecraft:brick_wall":2,"minecraft:basalt":14,"minecraft:polished_granite":1,"minecraft:oak_fence":7,"minecraft:smooth_sandstone":2,"minecraft:crafting_table":6,"minecraft:rose_bush":9,"minecraft:campfire":2,"minecraft:copper_ore":66,"minecraft:stone_slab":15,"minecraft:tall_grass":13,"minecraft:lapis_ore":9,"minecraft:spruce_stairs":6,"minecraft:birch_planks":1,"minecraft:coarse_dirt":8,"minecraft:dark_oak_wall_sign":3,"minecraft:sweet_berry_bush":12,"minecraft:spruce_log":10,"minecraft:birch_leaves":14,"minecraft:coal_ore":115,"minecraft:gravel":26,"minecraft:acacia_door":5,"minecraft:cobweb":14,"minecraft:terracotta":104,"minecraft:polished_andesite":1,"minecraft:gold_ore":67,"minecraft:acacia_wall_sign":3,"minecraft:fern":1},"minecraft:picked_up":{"minecraft:wooden_axe":4,"minecraft:iron_chestplate":1,"minecraft:light_blue_concrete":3,"minecraft:chainmail_boots":1,"minecraft:anvil":2,"minecraft:stone_slab":15,"minecraft:smithing_table":1,"minecraft:lead":3,"minecraft:diamond_sword":1,"minecraft:potion":2,"minecraft:enchanted_book":3,"minecraft:nether_brick":49,"minecraft:golden_sword":2,"minecraft:string":82,"minecraft:raw_copper":228,"minecraft:shroomlight":8,"minecraft:gold_nugget":114,"minecraft:cobbled_deepslate":238,"bosses_of_mass_destruction:soul_star":2,"minecraft:spruce_planks":24,"minecraft:acacia_sign":3,"minecraft:rose_bush":1,"minecraft:melon_slice":12,"minecraft:iron_boots":4,"minecraft:furnace":6,"minecraft:golden_helmet":1,"minecraft:stick":27,"minecraft:oak_fence":4,"minecraft:acacia_log":36,"minecraft:torch":41,"minecraft:brick_wall":2,"minecraft:spruce_stairs":5,"minecraft:porkchop":45,"minecraft:sandstone_wall":1,"minecraft:rotten_flesh":63,"minecraft:mangrove_roots":1,"minecraft:obsidian":26,"minecraft:cod":2,"minecraft:cobblestone":247,"minecraft:birch_log":54,"minecraft:magma_block":4,"minecraft:feather":12,"minecraft:andesite":395,"minecraft:jungle_wood":7,"minecraft:smoker":2,"minecraft:flint":4,"minecraft:acacia_boat":5,"minecraft:lapis_lazuli":160,"minecraft:dirt":73,"minecraft:lantern":10,"minecraft:polished_granite":1,"minecraft:bone":76,"minecraft:acacia_planks":4,"minecraft:bow":2,"minecraft:wheat_seeds":13,"minecraft:raw_gold":66,"minecraft:cobbled_deepslate_slab":90,"minecraft:dark_oak_sign":3,"minecraft:rabbit":2,"minecraft:glowstone_dust":177,"minecraft:moss_block":8,"minecraft:oak_planks":90,"minecraft:sand":24,"minecraft:mossy_cobblestone":43,"minecraft:spectral_arrow":126,"minecraft:barrel":1,"sons_of_sins:flesh_of_demise":2,"minecraft:light_gray_terracotta":1,"minecraft:sugar":2,"minecraft:diamond":23,"minecraft:spruce_boat":2,"minecraft:cracked_polished_blackstone_bricks":22,"minecraft:crossbow":2,"minecraft:granite":13,"minecraft:bone_meal":1,"minecraft:emerald":17,"minecraft:bread":19,"minecraft:oak_sapling":1,"minecraft:netherrack":420,"minecraft:bricks":9,"minecraft:crimson_roots":9,"minecraft:diamond_pickaxe":1,"minecraft:mud":1,"minecraft:charcoal":4,"minecraft:coarse_dirt":8,"minecraft:crafting_table":6,"minecraft:splash_potion":1,"minecraft:chicken":7,"minecraft:ladder":5,"minecraft:clay_ball":20,"minecraft:gold_block":1,"gravestone:obituary":17,"minecraft:moss_carpet":1,"minecraft:acacia_door":5,"minecraft:iron_shovel":1,"minecraft:blackstone":218,"minecraft:beef":10,"minecraft:light_gray_wool":2,"minecraft:jungle_sapling":2,"minecraft:iron_nugget":38,"minecraft:poppy":6,"minecraft:spruce_slab":13,"minecraft:sugar_cane":18,"minecraft:chest":6,"minecraft:birch_sapling":18,"minecraft:spruce_trapdoor":3,"minecraft:egg":8,"minecraft:raw_iron":176,"minecraft:sandstone":2,"minecraft:oak_door":1,"minecraft:spruce_fence":4,"minecraft:fire_charge":8,"minecraft:polished_blackstone_bricks":129,"minecraft:redstone":81,"minecraft:dark_oak_planks":12,"minecraft:arrow":94,"minecraft:weeping_vines":1,"minecraft:gold_ingot":10,"minecraft:mutton":5,"minecraft:white_wool":7,"minecraft:stripped_oak_log":1,"minecraft:basalt":8,"minecraft:golden_carrot":2,"minecraft:glow_ink_sac":10,"minecraft:salmon":15,"minecraft:cut_sandstone":2,"minecraft:leather":44,"minecraft:birch_planks":1,"minecraft:packed_mud":2,"minecraft:lily_pad":1,"minecraft:oak_log":41,"minecraft:chainmail_chestplate":1,"minecraft:nether_wart_block":5,"minecraft:gunpowder":1,"minecraft:cobblestone_stairs":4,"minecraft:white_banner":1,"minecraft:orange_terracotta":2,"minecraft:apple":1,"minecraft:rabbit_hide":1,"minecraft:iron_ingot":96,"minecraft:cobweb":1,"minecraft:glass_bottle":1,"minecraft:acacia_sapling":21,"minecraft:soul_sand":52,"minecraft:oak_slab":19,"minecraft:warped_fungus":2,"minecraft:pumpkin":40,"minecraft:sweet_berries":30,"minecraft:quartz":163,"minecraft:dandelion":1,"minecraft:gravel":92,"minecraft:blast_furnace":8,"minecraft:white_bed":6,"minecraft:spruce_log":9,"minecraft:crying_obsidian":15,"minecraft:spider_eye":19,"ava:gun_colouring_table":2,"minecraft:terracotta":102,"minecraft:baked_potato":1,"minecraft:coal":359,"minecraft:hopper":3,"minecraft:ender_pearl":11},"minecraft:used":{"minecraft:iron_shovel":72,"minecraft:spruce_slab":8,"minecraft:ladder":3,"minecraft:chest":23,"minecraft:shield":217,"minecraft:stone":11,"minecraft:iron_chestplate":1,"minecraft:mutton":1,"securitycraft:keypad_item":7,"minecraft:obsidian":13,"minecraft:glass":10,"minecraft:spruce_boat":2,"minecraft:jungle_sapling":1,"minecraft:lava_bucket":2,"minecraft:birch_sapling":18,"minecraft:bricks":9,"minecraft:lantern":11,"minecraft:packed_mud":2,"minecraft:stone_bricks":6,"minecraft:magma_block":2,"minecraft:warped_fungus":1,"minecraft:furnace":7,"minecraft:cooked_cod":4,"minecraft:egg":2,"ava:gun_crafting_table":1,"minecraft:spruce_door":2,"minecraft:oak_planks":363,"minecraft:stone_pickaxe":133,"minecraft:blackstone":114,"minecraft:wooden_pickaxe":92,"minecraft:white_wool":3,"minecraft:sand":20,"minecraft:light_blue_concrete":1,"minecraft:blast_furnace":11,"minecraft:crossbow":4,"waystones:waystone":1,"minecraft:acacia_door":5,"minecraft:melon_slice":12,"minecraft:bread":68,"minecraft:deepslate":1,"minecraft:polished_granite":1,"minecraft:gravel":17,"minecraft:diamond_sword":710,"minecraft:wooden_sword":8,"sons_of_sins:flesh_of_demise":2,"minecraft:grindstone":1,"minecraft:smithing_table":2,"minecraft:andesite":316,"minecraft:coarse_dirt":5,"minecraft:experience_bottle":8,"minecraft:oak_fence":74,"minecraft:stone_sword":108,"minecraft:flint_and_steel":1,"minecraft:redstone":2,"minecraft:spruce_planks":44,"ava:gun_colouring_table":2,"minecraft:cooked_salmon":7,"minecraft:cooked_chicken":8,"minecraft:netherrack":227,"minecraft:torch":47,"minecraft:dirt":20,"minecraft:anvil":3,"minecraft:hopper":3,"minecraft:spruce_stairs":5,"minecraft:granite":10,"minecraft:spruce_fence":4,"ava:builders_table":1,"minecraft:shroomlight":8,"minecraft:wooden_axe":46,"minecraft:iron_axe":370,"minecraft:barrel":1,"minecraft:glowstone":2,"minecraft:beef":3,"minecraft:cooked_beef":15,"minecraft:cobbled_deepslate":212,"minecraft:pumpkin":18,"minecraft:cooked_mutton":13,"minecraft:acacia_boat":5,"minecraft:water_bucket":4,"minecraft:birch_planks":2,"minecraft:baked_potato":17,"minecraft:stonecutter":1,"securitycraft:scanner_door_item":2,"minecraft:polished_blackstone_bricks":74,"minecraft:jungle_wood":7,"minecraft:mossy_cobblestone":29,"minecraft:terracotta":96,"minecraft:crafting_table":16,"minecraft:oak_slab":45,"minecraft:white_bed":7,"minecraft:smoker":4,"minecraft:oak_log":37,"minecraft:diamond_pickaxe":1897,"minecraft:apple":34,"minecraft:chicken":1,"minecraft:iron_pickaxe":697,"minecraft:map":1,"minecraft:spruce_trapdoor":2,"minecraft:stone_axe":80,"minecraft:fishing_rod":10,"minecraft:cobblestone":252,"minecraft:cobbled_deepslate_slab":112,"minecraft:cooked_porkchop":20,"minecraft:bucket":5,"minecraft:pumpkin_pie":4},"minecraft:dropped":{"minecraft:acacia_boat":1,"minecraft:moss_block":8,"minecraft:baked_potato":1,"minecraft:leather":3,"minecraft:dirt":3,"gravestone:obituary":54,"minecraft:bone_meal":308,"minecraft:dark_oak_planks":1,"minecraft:white_wool":1,"minecraft:gravel":24,"minecraft:sugar_cane":9,"minecraft:mangrove_roots":1,"minecraft:cobbled_deepslate":1,"minecraft:rotten_flesh":50,"minecraft:oak_planks":12,"minecraft:poppy":4,"minecraft:acacia_sapling":16,"minecraft:ladder":1,"minecraft:arrow":1,"minecraft:bread":2,"minecraft:wheat_seeds":7,"minecraft:bookshelf":40,"minecraft:cobblestone":4,"minecraft:feather":9,"minecraft:book":1,"minecraft:acacia_log":6,"minecraft:stick":6,"minecraft:wooden_axe":3,"minecraft:pumpkin":22,"minecraft:iron_shovel":1,"minecraft:string":4,"minecraft:lily_pad":1,"minecraft:acacia_planks":7,"minecraft:moss_carpet":1,"minecraft:coarse_dirt":3,"minecraft:light_gray_terracotta":1,"minecraft:chicken":1,"minecraft:cobbled_deepslate_slab":1,"minecraft:diamond_sword":1,"minecraft:spruce_planks":2,"minecraft:diamond_pickaxe":1,"minecraft:andesite":46,"minecraft:oak_sapling":3,"minecraft:bow":2,"minecraft:terracotta":5},"minecraft:crafted":{"minecraft:smooth_stone":12,"minecraft:oak_planks":96,"minecraft:cooked_chicken":5,"waystones:waystone":2,"minecraft:stone":39,"minecraft:cooked_mutton":11,"minecraft:hopper":1,"ava:work_hardened_iron":108,"minecraft:iron_boots":1,"minecraft:chest":17,"ava:gun_crafting_table":1,"minecraft:stone_bricks":12,"minecraft:smoker":2,"minecraft:oak_slab":12,"minecraft:deepslate":1,"minecraft:cooked_porkchop":33,"minecraft:crafting_table":7,"minecraft:spruce_planks":36,"minecraft:iron_helmet":2,"minecraft:wooden_pickaxe":2,"minecraft:baked_potato":121,"minecraft:smithing_table":1,"minecraft:copper_ingot":212,"waystones:warp_stone":3,"minecraft:birch_planks":40,"minecraft:iron_chestplate":4,"minecraft:diamond_pickaxe":2,"minecraft:golden_leggings":1,"minecraft:charcoal":44,"minecraft:shield":2,"minecraft:stick":48,"minecraft:iron_ingot":142,"usefulbackpacks:backpack_large":1,"minecraft:iron_pickaxe":3,"minecraft:stone_sword":1,"minecraft:acacia_door":3,"minecraft:gold_ingot":116,"ava:gun_colouring_table":1,"minecraft:shears":1,"minecraft:wooden_sword":1,"minecraft:cobbled_deepslate_slab":30,"minecraft:redstone":9,"minecraft:fishing_rod":2,"minecraft:iron_nugget":63,"minecraft:furnace":7,"minecraft:blast_furnace":4,"minecraft:bone_meal":327,"minecraft:flint_and_steel":1,"minecraft:iron_axe":2,"minecraft:stone_pickaxe":1,"usefulbackpacks:backpack_medium":1,"minecraft:spruce_boat":1,"minecraft:redstone_block":1,"minecraft:dark_oak_planks":16,"minecraft:lead":2,"minecraft:golden_helmet":2,"minecraft:cooked_beef":15,"minecraft:sugar":9,"minecraft:cooked_cod":16,"minecraft:bone_block":6,"minecraft:diamond_sword":1,"minecraft:cooked_salmon":15,"minecraft:bucket":2,"minecraft:stone_axe":1,"minecraft:air":0,"minecraft:acacia_boat":1,"ava:compressed_wood":4,"minecraft:wooden_axe":2,"minecraft:iron_shovel":1,"ava:packed_gunpowder":10,"minecraft:iron_leggings":3,"minecraft:anvil":1,"minecraft:stonecutter":1,"minecraft:white_bed":1,"minecraft:acacia_planks":96,"minecraft:torch":40},"minecraft:custom":{"minecraft:interact_with_crafting_table":150,"minecraft:open_barrel":52,"minecraft:bell_ring":4,"minecraft:leave_game":30,"minecraft:time_since_death":94156,"minecraft:sprint_one_cm":1955655,"minecraft:damage_blocked_by_shield":8450,"minecraft:drop":159,"minecraft:talked_to_villager":18,"minecraft:play_time":1194479,"minecraft:deaths":60,"minecraft:jump":9742,"minecraft:walk_on_water_one_cm":179827,"minecraft:interact_with_furnace":80,"minecraft:interact_with_cartography_table":1,"minecraft:sleep_in_bed":7,"minecraft:waystone_activated":2,"minecraft:damage_dealt":58698,"minecraft:crouch_one_cm":22244,"minecraft:interact_with_smoker":57,"minecraft:horse_one_cm":1436415,"minecraft:interact_with_smithing_table":15,"minecraft:interact_with_anvil":5,"minecraft:mob_kills":310,"minecraft:inspect_hopper":8,"minecraft:climb_one_cm":15705,"minecraft:walk_one_cm":3352526,"minecraft:sneak_time":10260,"minecraft:walk_under_water_one_cm":109384,"minecraft:boat_one_cm":855434,"minecraft:interact_with_blast_furnace":83,"minecraft:total_world_time":1194479,"minecraft:interact_with_grindstone":1,"minecraft:interact_with_stonecutter":5,"minecraft:time_since_rest":94181,"minecraft:damage_taken":28022,"minecraft:swim_one_cm":138536,"minecraft:fly_one_cm":1935348,"minecraft:open_chest":538,"minecraft:fish_caught":2,"minecraft:fall_one_cm":232876},"minecraft:broken":{"minecraft:golden_helmet":2,"minecraft:iron_boots":2,"minecraft:iron_chestplate":2,"minecraft:iron_leggings":2,"minecraft:chainmail_boots":1,"minecraft:golden_leggings":1,"minecraft:stone_pickaxe":1,"minecraft:diamond_pickaxe":1,"minecraft:wooden_axe":1,"minecraft:wooden_pickaxe":1,"minecraft:shield":1,"minecraft:iron_axe":1,"minecraft:iron_pickaxe":2,"minecraft:iron_helmet":1}},"DataVersion":3465}