{"stats":{"minecraft:used":{"minecraft:beetroot":1,"minecraft:cherry_sapling":1,"minecraft:iron_shovel":793,"minecraft:ladder":22,"minecraft:poppy":18,"minecraft:shield":48,"minecraft:chest":25,"minecraft:iron_sword":773,"minecraft:bell":2,"weather2:tornado_sensor":1,"securitycraft:keypad_item":2,"minecraft:brick_slab":1,"minecraft:carrot":885,"minecraft:acacia_sapling":1,"minecraft:spruce_boat":3,"minecraft:glass":184,"minecraft:bricks":9,"minecraft:bow":62,"minecraft:dark_oak_boat":1,"minecraft:oak_sapling":214,"minecraft:furnace":8,"minecraft:egg":4,"minecraft:potato":4,"minecraft:dark_oak_sapling":30,"minecraft:dark_oak_stairs":18,"minecraft:acacia_trapdoor":18,"minecraft:oak_planks":349,"minecraft:diamond_axe":1142,"minecraft:wooden_pickaxe":38,"minecraft:composter":45,"minecraft:cookie":59,"minecraft:white_wool":2,"minecraft:loom":1,"minecraft:blast_furnace":3,"securitycraft:universal_block_remover":4,"waystones:waystone":1,"minecraft:acacia_door":6,"minecraft:bread":31,"minecraft:string":1,"minecraft:polished_granite":1,"minecraft:deepslate":1,"minecraft:gravel":79,"minecraft:diamond_sword":901,"minecraft:grindstone":1,"minecraft:smithing_table":2,"minecraft:andesite":283,"minecraft:chain":4,"minecraft:oak_boat":8,"minecraft:bone_meal":565,"minecraft:cobweb":1,"minecraft:experience_bottle":6,"minecraft:oak_trapdoor":5,"minecraft:iron_bars":7,"minecraft:rose_bush":4,"minecraft:enchanting_table":1,"minecraft:stone_sword":129,"minecraft:acacia_log":1,"minecraft:flint_and_steel":5,"securitycraft:keypad_chest":4,"minecraft:spruce_planks":257,"minecraft:cooked_salmon":4,"minecraft:wooden_shovel":68,"minecraft:cooked_chicken":12,"minecraft:oak_door":2,"minecraft:torch":259,"minecraft:dirt":701,"minecraft:anvil":2,"minecraft:hopper":6,"minecraft:spruce_stairs":5,"minecraft:granite":9,"minecraft:iron_hoe":317,"minecraft:dark_oak_planks":368,"minecraft:bookshelf":36,"minecraft:iron_axe":1134,"minecraft:acacia_slab":3,"minecraft:minecart":22,"minecraft:pumpkin":3,"minecraft:cooked_beef":28,"minecraft:cobbled_deepslate":498,"minecraft:acacia_planks":540,"minecraft:cooked_mutton":30,"minecraft:acacia_boat":30,"minecraft:water_bucket":112,"minecraft:baked_potato":11,"weather2:weather_deflector":3,"minecraft:spruce_sign":32,"minecraft:fletching_table":3,"minecraft:stonecutter":1,"minecraft:red_glazed_terracotta":2,"minecraft:mossy_cobblestone":76,"minecraft:terracotta":104,"minecraft:rail":143,"minecraft:crafting_table":17,"minecraft:white_bed":16,"minecraft:wooden_hoe":135,"minecraft:activator_rail":1,"minecraft:diamond_pickaxe":701,"minecraft:apple":55,"minecraft:diamond_shovel":186,"minecraft:iron_pickaxe":2135,"minecraft:magenta_concrete":8,"minecraft:spruce_trapdoor":75,"minecraft:spruce_sapling":19,"minecraft:stone_axe":166,"minecraft:chiseled_stone_bricks":56,"minecraft:cobblestone":317,"minecraft:cooked_porkchop":31,"minecraft:bucket":115,"minecraft:yellow_bed":31,"minecraft:dandelion":15},"minecraft:picked_up":{"minecraft:chainmail_boots":1,"minecraft:iron_chestplate":1,"minecraft:wheat":16,"minecraft:redstone_block":6,"minecraft:anvil":1,"minecraft:stone_slab":1,"minecraft:smithing_table":1,"minecraft:lead":3,"minecraft:diamond_sword":7,"minecraft:enchanted_book":1,"minecraft:string":66,"mutantmonsters:mutant_skeleton_skull":1,"minecraft:raw_copper":60,"minecraft:experience_bottle":6,"minecraft:beetroot":1,"minecraft:activator_rail":5,"minecraft:cobbled_deepslate":708,"bosses_of_mass_destruction:soul_star":2,"minecraft:bucket":2,"minecraft:spruce_planks":148,"minecraft:rose_bush":4,"minecraft:iron_boots":1,"minecraft:furnace":2,"minecraft:beehive":16,"minecraft:stick":305,"minecraft:composter":38,"minecraft:oak_fence":7,"minecraft:torch":89,"minecraft:acacia_log":173,"minecraft:spruce_stairs":11,"minecraft:porkchop":16,"minecraft:pointed_dripstone":30,"minecraft:diorite":7,"minecraft:rotten_flesh":156,"minecraft:bookshelf":40,"minecraft:obsidian":6,"minecraft:iron_bars":9,"minecraft:cobblestone":619,"minecraft:cooked_beef":20,"minecraft:feather":23,"minecraft:lilac":2,"minecraft:water_bucket":2,"minecraft:andesite":630,"minecraft:potato":19,"minecraft:flint":82,"minecraft:tuff":52,"minecraft:acacia_boat":32,"minecraft:lapis_lazuli":149,"minecraft:dirt":912,"minecraft:polished_granite":6,"securitycraft:reinforced_stone_button":9,"minecraft:bone":143,"minecraft:acacia_planks":161,"minecraft:bow":1,"minecraft:wheat_seeds":145,"minecraft:raw_gold":45,"minecraft:bell":2,"minecraft:fletching_table":1,"minecraft:powered_rail":4,"minecraft:oak_planks":62,"minecraft:cooked_porkchop":24,"minecraft:music_disc_13":2,"minecraft:sand":195,"minecraft:ink_sac":2,"mutantmonsters:mutant_skeleton_leggings":1,"minecraft:dark_oak_log":114,"minecraft:mossy_cobblestone":79,"sons_of_sins:flesh_of_demise":1,"minecraft:iron_hoe":4,"minecraft:diamond":34,"minecraft:spruce_boat":2,"minecraft:granite":46,"minecraft:bone_meal":308,"minecraft:golden_apple":1,"minecraft:spruce_button":2,"minecraft:spruce_sign":31,"minecraft:emerald":11,"minecraft:bread":19,"minecraft:diamond_pickaxe":1,"minecraft:oak_sapling":367,"minecraft:dark_oak_fence":2,"minecraft:bricks":9,"luminousworld:groundpebbles_1":1,"minecraft:crafting_table":1,"minecraft:azure_bluet":3,"minecraft:chicken":4,"minecraft:ladder":25,"minecraft:clay_ball":197,"minecraft:wooden_pickaxe":1,"luminousworld:trout":1,"minecraft:chain":9,"gravestone:obituary":4,"minecraft:cornflower":2,"minecraft:oak_trapdoor":16,"minecraft:iron_axe":2,"minecraft:acacia_door":5,"minecraft:iron_shovel":1,"minecraft:glass_pane":12,"minecraft:beef":18,"minecraft:oak_boat":8,"minecraft:poppy":43,"minecraft:spruce_slab":4,"minecraft:minecart":23,"minecraft:sugar_cane":6,"minecraft:chest":5,"minecraft:birch_sapling":2,"minecraft:spruce_trapdoor":33,"minecraft:phantom_membrane":2,"minecraft:egg":8,"minecraft:dark_oak_sapling":40,"minecraft:raw_iron":98,"securitycraft:reinforced_cobblestone":31,"luminousworld:beastiary":1,"minecraft:cookie":10,"minecraft:carrot":1503,"minecraft:redstone":216,"minecraft:dark_oak_planks":86,"minecraft:arrow":229,"minecraft:beetroot_seeds":3,"minecraft:peony":1,"minecraft:yellow_terracotta":1,"mutantmonsters:mutant_skeleton_rib":1,"minecraft:saddle":1,"minecraft:gold_ingot":14,"minecraft:glow_berries":22,"minecraft:mutton":14,"minecraft:rail":211,"minecraft:white_wool":24,"minecraft:oxeye_daisy":3,"minecraft:glow_ink_sac":4,"minecraft:salmon":4,"minecraft:leather":30,"minecraft:red_glazed_terracotta":6,"mutantmonsters:mutant_skeleton_chestplate":1,"minecraft:oak_log":879,"minecraft:yellow_bed":31,"securitycraft:keypad_chest":4,"minecraft:gunpowder":22,"mutantmonsters:mutant_skeleton_limb":2,"minecraft:cooked_mutton":18,"minecraft:apple":44,"minecraft:acacia_trapdoor":18,"minecraft:iron_ingot":127,"minecraft:cooked_chicken":10,"minecraft:cobweb":1,"securitycraft:universal_block_reinforcer_lvl1":1,"minecraft:iron_sword":2,"minecraft:acacia_sapling":80,"minecraft:dark_oak_stairs":22,"minecraft:book":28,"minecraft:pumpkin":3,"minecraft:chiseled_stone_bricks":4,"minecraft:dandelion":22,"minecraft:dripstone_block":9,"minecraft:gravel":279,"minecraft:spruce_sapling":114,"minecraft:blast_furnace":2,"minecraft:white_bed":16,"minecraft:spruce_log":311,"minecraft:spider_eye":7,"minecraft:brick_slab":6,"minecraft:pumpkin_seeds":3,"minecraft:chainmail_leggings":1,"minecraft:iron_helmet":1,"mutantmonsters:mutant_skeleton_boots":1,"minecraft:terracotta":107,"minecraft:acacia_slab":8,"minecraft:magenta_concrete":8,"minecraft:coal":69,"minecraft:hopper":3,"minecraft:ender_pearl":2},"minecraft:crafted":{"minecraft:brick":10,"minecraft:grindstone":1,"minecraft:smooth_stone":4,"minecraft:oak_planks":3496,"weather2:weather_item":5,"minecraft:dark_oak_boat":1,"minecraft:cooked_chicken":3,"usefulbackpacks:backpack_small":1,"minecraft:loom":1,"minecraft:stone":64,"minecraft:diamond_shovel":1,"securitycraft:keypad_item":2,"minecraft:heavy_weighted_pressure_plate":2,"weather2:weather_deflector":4,"minecraft:cooked_mutton":13,"securitycraft:laser_block":1,"minecraft:glass":191,"minecraft:hopper":3,"minecraft:diamond_leggings":1,"minecraft:diamond_helmet":1,"minecraft:bow":7,"minecraft:iron_boots":2,"minecraft:chest":23,"minecraft:chiseled_stone_bricks":56,"minecraft:deepslate":12,"minecraft:wooden_shovel":1,"minecraft:emerald":287,"minecraft:cooked_porkchop":13,"minecraft:diamond_axe":1,"minecraft:crafting_table":16,"minecraft:spruce_planks":1176,"minecraft:acacia_slab":48,"securitycraft:reinforced_stone_button":25,"weather2:tornado_sensor":1,"minecraft:iron_helmet":4,"minecraft:wooden_pickaxe":1,"minecraft:baked_potato":11,"minecraft:smithing_table":1,"minecraft:fletching_table":2,"minecraft:apple":40,"minecraft:spruce_trapdoor":60,"minecraft:iron_chestplate":7,"minecraft:wooden_hoe":2,"minecraft:diamond_pickaxe":1,"minecraft:shield":1,"minecraft:stick":6922,"minecraft:iron_ingot":99,"minecraft:iron_pickaxe":11,"minecraft:iron_block":3,"minecraft:stone_sword":1,"minecraft:gold_ingot":3,"minecraft:acacia_door":3,"minecraft:composter":7,"minecraft:shears":1,"securitycraft:universal_block_reinforcer_lvl1":1,"minecraft:oak_door":3,"minecraft:cookie":54,"minecraft:iron_nugget":9,"minecraft:spruce_button":1,"minecraft:furnace":7,"minecraft:blast_furnace":1,"minecraft:cherry_sapling":1,"minecraft:bone_meal":507,"minecraft:flint_and_steel":1,"minecraft:glass_pane":16,"minecraft:iron_axe":7,"minecraft:ladder":15,"securitycraft:universal_block_remover":1,"minecraft:spruce_slab":6,"minecraft:iron_hoe":2,"minecraft:stone_pickaxe":10,"minecraft:diamond_boots":1,"usefulbackpacks:backpack_medium":1,"minecraft:spruce_boat":1,"minecraft:redstone_block":7,"minecraft:dark_oak_planks":308,"minecraft:minecart":1,"minecraft:cooked_beef":18,"minecraft:crossbow":5,"minecraft:diamond_sword":2,"minecraft:spruce_sign":30,"minecraft:enchanting_table":1,"minecraft:iron_sword":4,"minecraft:acacia_trapdoor":20,"minecraft:cooked_salmon":4,"minecraft:bucket":5,"minecraft:stone_axe":2,"minecraft:acacia_boat":4,"minecraft:bread":4,"minecraft:air":0,"securitycraft:reinforced_stone":31,"minecraft:oak_boat":1,"minecraft:white_wool":4,"minecraft:flint":134,"minecraft:iron_shovel":4,"minecraft:iron_leggings":2,"minecraft:stonecutter":1,"minecraft:anvil":1,"minecraft:white_bed":1,"beyond_earth:steel_ingot":14,"minecraft:acacia_planks":688,"minecraft:torch":212,"minecraft:diamond_chestplate":1},"minecraft:custom":{"minecraft:interact_with_crafting_table":163,"minecraft:open_barrel":4,"goblintraders:trade_with_goblin":53,"minecraft:bell_ring":40,"minecraft:leave_game":15,"minecraft:time_since_death":80304,"minecraft:sprint_one_cm":2592301,"minecraft:damage_blocked_by_shield":1970,"minecraft:drop":200,"minecraft:talked_to_villager":286,"minecraft:play_time":1218771,"minecraft:deaths":7,"minecraft:jump":13378,"minecraft:walk_on_water_one_cm":306636,"minecraft:enchant_item":18,"minecraft:interact_with_furnace":141,"minecraft:traded_with_villager":362,"minecraft:sleep_in_bed":29,"minecraft:waystone_activated":2,"minecraft:damage_dealt":95895,"minecraft:crouch_one_cm":45317,"minecraft:horse_one_cm":16205,"minecraft:interact_with_smithing_table":2,"minecraft:interact_with_anvil":20,"minecraft:mob_kills":458,"minecraft:inspect_hopper":11,"minecraft:climb_one_cm":22663,"minecraft:walk_one_cm":2949489,"minecraft:sneak_time":23722,"minecraft:walk_under_water_one_cm":80294,"minecraft:boat_one_cm":1029296,"minecraft:interact_with_blast_furnace":9,"minecraft:total_world_time":1218771,"minecraft:time_since_rest":80331,"minecraft:damage_taken":11907,"minecraft:swim_one_cm":110840,"minecraft:fly_one_cm":2914689,"minecraft:open_chest":271,"minecraft:fall_one_cm":286171},"minecraft:killed":{"luminousworld:miner_zombie":1,"minecraft:spider":11,"minecraft:skeleton":180,"minecraft:chicken":11,"minecraft:cat":1,"minecraft:pig":17,"minecraft:salmon":4,"minecraft:iron_golem":30,"luminousworld:trout_fish":1,"minecraft:creeper":11,"minecraft:sheep":17,"minecraft:trader_llama":2,"minecraft:pillager":3,"luminousworld:savannah_skeleton":2,"minecraft:zombie":92,"minecraft:glow_squid":2,"minecraft:cow":19,"sullysmod:bouldering_zombie":1,"minecraft:phantom":6,"minecraft:drowned":2,"luminousworld:savannah_zombie":2,"minecraft:wandering_trader":1,"sons_of_sins:betrayed_guzzler":1,"creeperoverhaul:savannah_creeper":1,"minecraft:villager":16},"minecraft:dropped":{"minecraft:spruce_sign":7,"minecraft:iron_sword":2,"minecraft:lapis_lazuli":32,"minecraft:cooked_beef":1,"minecraft:glow_ink_sac":4,"minecraft:dark_oak_sapling":9,"minecraft:crossbow":4,"minecraft:glow_berries":11,"minecraft:flint":1,"minecraft:dirt":6,"minecraft:mutton":1,"minecraft:chain":5,"gravestone:obituary":8,"minecraft:bone_meal":1,"minecraft:iron_pickaxe":4,"minecraft:acacia_door":2,"minecraft:gravel":13,"minecraft:sugar_cane":6,"minecraft:cobbled_deepslate":1,"minecraft:wheat":3,"minecraft:birch_sapling":2,"minecraft:rotten_flesh":81,"minecraft:oak_planks":1,"minecraft:cooked_mutton":1,"minecraft:azure_bluet":1,"minecraft:carrot":127,"minecraft:poppy":13,"minecraft:gunpowder":2,"minecraft:beetroot_seeds":3,"minecraft:acacia_sapling":48,"minecraft:arrow":4,"minecraft:egg":1,"minecraft:wheat_seeds":120,"minecraft:lilac":2,"minecraft:minecart":1,"minecraft:cobblestone":12,"minecraft:iron_helmet":1,"minecraft:oak_fence":6,"minecraft:feather":14,"minecraft:spruce_button":2,"minecraft:acacia_trapdoor":5,"minecraft:stick":24,"minecraft:oxeye_daisy":2,"minecraft:cobweb":1,"weather2:weather_deflector":1,"minecraft:iron_leggings":1,"minecraft:iron_axe":4,"minecraft:iron_shovel":1,"minecraft:string":2,"minecraft:bucket":1,"minecraft:acacia_planks":18,"minecraft:spruce_sapling":57,"minecraft:dandelion":7,"minecraft:redstone":6,"minecraft:oak_trapdoor":3,"minecraft:clay_ball":7,"minecraft:iron_boots":1,"minecraft:iron_hoe":2,"minecraft:diamond_sword":6,"minecraft:potato":4,"minecraft:shield":1,"minecraft:andesite":1,"minecraft:peony":1,"minecraft:spruce_trapdoor":1,"minecraft:spruce_planks":97,"minecraft:diamond_pickaxe":1,"minecraft:iron_chestplate":2,"luminousworld:groundpebbles_1":1,"minecraft:oak_sapling":148,"minecraft:spider_eye":2,"minecraft:spruce_log":8,"minecraft:bow":7,"minecraft:stone_pickaxe":3,"minecraft:wooden_pickaxe":2},"minecraft:mined":{"minecraft:dark_oak_planks":89,"minecraft:spruce_planks":57,"minecraft:white_bed":16,"minecraft:oak_sapling":21,"minecraft:farmland":2,"minecraft:obsidian":6,"minecraft:spruce_trapdoor":25,"minecraft:granite":28,"minecraft:acacia_log":175,"minecraft:grass_block":487,"minecraft:composter":38,"minecraft:hopper":3,"minecraft:oxeye_daisy":2,"minecraft:spawner":3,"minecraft:chiseled_stone_bricks":4,"minecraft:tall_seagrass":2,"minecraft:iron_ore":60,"minecraft:cobbled_deepslate":36,"minecraft:fire":7,"minecraft:pumpkin":3,"minecraft:deepslate_lapis_ore":12,"minecraft:fletching_table":2,"minecraft:azure_bluet":3,"minecraft:dark_oak_stairs":23,"minecraft:pointed_dripstone":17,"minecraft:dirt_path":18,"minecraft:iron_bars":10,"minecraft:spruce_slab":5,"minecraft:tripwire":1,"minecraft:deepslate_redstone_ore":34,"minecraft:clay":48,"minecraft:torch":24,"minecraft:blast_furnace":2,"minecraft:poppy":3,"minecraft:chest":5,"minecraft:spruce_wall_sign":15,"minecraft:glass":8,"minecraft:cobblestone":129,"minecraft:oak_planks":55,"minecraft:sugar_cane":1,"minecraft:bricks":10,"minecraft:wall_torch":59,"minecraft:spruce_sign":1,"minecraft:deepslate_copper_ore":2,"minecraft:seagrass":1,"minecraft:chain":10,"minecraft:wheat":27,"minecraft:blue_ice":1,"minecraft:lilac":2,"minecraft:activator_rail":1,"minecraft:grass":412,"minecraft:oak_log":880,"minecraft:beetroots":1,"minecraft:sand":197,"minecraft:dirt":413,"minecraft:deepslate":705,"minecraft:oak_leaves":46,"minecraft:yellow_terracotta":1,"minecraft:tuff":52,"minecraft:mossy_cobblestone":79,"minecraft:deepslate_diamond_ore":18,"minecraft:dark_oak_log":114,"gravestone:gravestone":8,"minecraft:glow_lichen":2,"minecraft:dark_oak_fence":1,"minecraft:ladder":14,"minecraft:magenta_concrete":8,"minecraft:spruce_leaves":1,"minecraft:acacia_slab":2,"minecraft:large_fern":1,"minecraft:oak_trapdoor":9,"minecraft:furnace":2,"minecraft:carrots":449,"minecraft:acacia_trapdoor":3,"minecraft:andesite":631,"minecraft:peony":2,"minecraft:bell":2,"minecraft:bookshelf":9,"minecraft:potatoes":4,"minecraft:deepslate_iron_ore":34,"minecraft:rail":143,"minecraft:redstone_wall_torch":1,"minecraft:stone":511,"minecraft:white_wool":2,"minecraft:smithing_table":1,"minecraft:acacia_leaves":3,"minecraft:dandelion":18,"minecraft:polished_granite":4,"minecraft:oak_fence":6,"minecraft:crafting_table":1,"minecraft:cornflower":2,"minecraft:rose_bush":2,"minecraft:stone_slab":1,"minecraft:copper_ore":9,"minecraft:tall_grass":141,"minecraft:red_glazed_terracotta":3,"minecraft:lapis_ore":8,"minecraft:deepslate_gold_ore":32,"minecraft:diorite":7,"minecraft:spruce_stairs":5,"minecraft:brick_slab":4,"minecraft:beehive":8,"minecraft:spruce_log":307,"minecraft:birch_leaves":39,"minecraft:yellow_bed":38,"minecraft:coal_ore":69,"minecraft:acacia_door":4,"minecraft:gravel":244,"minecraft:dripstone_block":11,"minecraft:cobweb":28,"minecraft:terracotta":111,"minecraft:acacia_planks":116,"minecraft:gold_ore":1,"minecraft:fern":3},"minecraft:killed_by":{"minecraft:iron_golem":1},"minecraft:broken":{"minecraft:iron_shovel":3,"minecraft:wooden_shovel":1,"minecraft:iron_leggings":1,"minecraft:chainmail_boots":1,"minecraft:stone_axe":1,"minecraft:iron_sword":2,"securitycraft:universal_block_reinforcer_lvl1":1,"minecraft:iron_hoe":1,"minecraft:stone_sword":1,"minecraft:iron_axe":4,"minecraft:iron_pickaxe":6,"minecraft:iron_helmet":1,"minecraft:wooden_hoe":2}},"DataVersion":3465}