{"stats":{"minecraft:picked_up":{"beyond_earth:moon_sand":16,"minecraft:dirt":4},"minecraft:killed":{"luminousworld:zebra_longwing":1},"minecraft:used":{"beyond_earth:rocket_launch_pad":9,"minecraft:fire_charge":4,"minecraft:dirt":1,"minecraft:stray_spawn_egg":12,"luminousworld:zebra_spawn_egg":30,"luminousworld:zebra_longwing_spawn_egg":39,"beyond_earth:rocket":1,"luminousworld:tall_deadbush":1},"minecraft:mined":{"minecraft:grass":1,"minecraft:grass_block":4},"minecraft:custom":{"minecraft:time_since_rest":156848,"minecraft:open_chest":3,"minecraft:play_time":170674,"minecraft:crouch_one_cm":138,"minecraft:interact_with_furnace":1,"minecraft:sprint_one_cm":15648,"minecraft:damage_taken":380,"minecraft:deaths":1,"minecraft:walk_one_cm":23863,"minecraft:sneak_time":1200,"minecraft:walk_under_water_one_cm":22429,"minecraft:mob_kills":1,"minecraft:jump":52,"minecraft:damage_dealt":108,"minecraft:interact_with_blast_furnace":1,"minecraft:leave_game":2,"minecraft:time_since_death":156823,"minecraft:walk_on_water_one_cm":1051,"minecraft:climb_one_cm":1304,"minecraft:interact_with_smoker":1,"minecraft:total_world_time":170674,"minecraft:talked_to_villager":13,"minecraft:fall_one_cm":2325,"minecraft:fly_one_cm":204552}},"DataVersion":3465}