{"stats":{"minecraft:picked_up":{"beyond_earth:moon_sand":16,"minecraft:dirt":4},"minecraft:killed":{"luminousworld:zebra_longwing":1},"minecraft:used":{"beyond_earth:rocket_launch_pad":9,"minecraft:fire_charge":4,"minecraft:dirt":1,"minecraft:stray_spawn_egg":11,"luminousworld:zebra_spawn_egg":29,"luminousworld:zebra_longwing_spawn_egg":38,"beyond_earth:rocket":1,"luminousworld:tall_deadbush":1},"minecraft:mined":{"minecraft:grass":1,"minecraft:grass_block":4},"minecraft:custom":{"minecraft:time_since_rest":45800,"minecraft:open_chest":3,"minecraft:play_time":59626,"minecraft:crouch_one_cm":138,"minecraft:interact_with_furnace":1,"minecraft:sprint_one_cm":14513,"minecraft:damage_taken":380,"minecraft:deaths":1,"minecraft:walk_one_cm":15634,"minecraft:sneak_time":1200,"minecraft:walk_under_water_one_cm":22429,"minecraft:mob_kills":1,"minecraft:jump":41,"minecraft:damage_dealt":108,"minecraft:interact_with_blast_furnace":1,"minecraft:leave_game":1,"minecraft:time_since_death":45775,"minecraft:walk_on_water_one_cm":1051,"minecraft:climb_one_cm":1304,"minecraft:interact_with_smoker":1,"minecraft:total_world_time":59626,"minecraft:talked_to_villager":11,"minecraft:fall_one_cm":2325,"minecraft:fly_one_cm":197718}},"DataVersion":3465}