{"stats":{"minecraft:killed":{"luminousworld:miner_zombie":1,"minecraft:spider":9,"minecraft:skeleton":139,"minecraft:chicken":11,"minecraft:cat":1,"minecraft:pig":17,"minecraft:salmon":4,"minecraft:iron_golem":30,"minecraft:creeper":8,"minecraft:sheep":14,"minecraft:trader_llama":2,"luminousworld:savannah_skeleton":1,"minecraft:zombie":59,"minecraft:glow_squid":2,"minecraft:cow":12,"sullysmod:bouldering_zombie":1,"minecraft:phantom":6,"minecraft:drowned":2,"luminousworld:savannah_zombie":2,"minecraft:wandering_trader":1,"creeperoverhaul:savannah_creeper":1,"minecraft:villager":16},"minecraft:killed_by":{"minecraft:iron_golem":1},"minecraft:mined":{"minecraft:dark_oak_planks":89,"minecraft:spruce_planks":57,"minecraft:white_bed":16,"minecraft:oak_sapling":10,"minecraft:farmland":2,"minecraft:obsidian":6,"minecraft:spruce_trapdoor":25,"minecraft:granite":28,"minecraft:acacia_log":175,"minecraft:grass_block":485,"minecraft:composter":38,"minecraft:oxeye_daisy":2,"minecraft:chiseled_stone_bricks":4,"minecraft:iron_ore":48,"minecraft:cobbled_deepslate":36,"minecraft:fire":7,"minecraft:pumpkin":3,"minecraft:deepslate_lapis_ore":12,"minecraft:fletching_table":2,"minecraft:azure_bluet":3,"minecraft:dark_oak_stairs":22,"minecraft:pointed_dripstone":17,"minecraft:dirt_path":18,"minecraft:iron_bars":10,"minecraft:spruce_slab":5,"minecraft:tripwire":1,"minecraft:deepslate_redstone_ore":34,"minecraft:clay":48,"minecraft:torch":22,"minecraft:blast_furnace":2,"minecraft:poppy":3,"minecraft:chest":1,"minecraft:spruce_wall_sign":15,"minecraft:glass":8,"minecraft:cobblestone":34,"minecraft:oak_planks":55,"minecraft:sugar_cane":1,"minecraft:bricks":10,"minecraft:wall_torch":44,"minecraft:deepslate_copper_ore":2,"minecraft:seagrass":1,"minecraft:chain":10,"minecraft:wheat":27,"minecraft:blue_ice":1,"minecraft:lilac":2,"minecraft:activator_rail":1,"minecraft:grass":380,"minecraft:oak_log":361,"minecraft:beetroots":1,"minecraft:sand":197,"minecraft:dirt":410,"minecraft:deepslate":704,"minecraft:oak_leaves":21,"minecraft:tuff":52,"minecraft:mossy_cobblestone":1,"minecraft:deepslate_diamond_ore":18,"minecraft:dark_oak_log":77,"gravestone:gravestone":7,"minecraft:glow_lichen":1,"minecraft:ladder":14,"minecraft:dark_oak_fence":1,"minecraft:spruce_leaves":1,"minecraft:acacia_slab":2,"minecraft:large_fern":1,"minecraft:oak_trapdoor":9,"minecraft:furnace":2,"minecraft:carrots":449,"minecraft:acacia_trapdoor":3,"minecraft:andesite":299,"minecraft:peony":1,"minecraft:bell":2,"minecraft:bookshelf":9,"minecraft:potatoes":4,"minecraft:deepslate_iron_ore":34,"minecraft:rail":143,"minecraft:stone":388,"minecraft:white_wool":2,"minecraft:smithing_table":1,"minecraft:acacia_leaves":3,"minecraft:dandelion":17,"minecraft:polished_granite":4,"minecraft:oak_fence":6,"minecraft:crafting_table":1,"minecraft:cornflower":2,"minecraft:rose_bush":2,"minecraft:stone_slab":1,"minecraft:copper_ore":4,"minecraft:tall_grass":122,"minecraft:red_glazed_terracotta":3,"minecraft:lapis_ore":8,"minecraft:deepslate_gold_ore":32,"minecraft:diorite":7,"minecraft:spruce_stairs":5,"minecraft:brick_slab":4,"minecraft:beehive":8,"minecraft:spruce_log":238,"minecraft:birch_leaves":38,"minecraft:yellow_bed":38,"minecraft:coal_ore":59,"minecraft:acacia_door":4,"minecraft:gravel":233,"minecraft:dripstone_block":10,"minecraft:cobweb":23,"minecraft:terracotta":108,"minecraft:acacia_planks":116,"minecraft:fern":3},"minecraft:picked_up":{"minecraft:iron_chestplate":1,"minecraft:wheat":16,"minecraft:redstone_block":6,"minecraft:anvil":1,"minecraft:stone_slab":1,"minecraft:smithing_table":1,"minecraft:lead":3,"minecraft:diamond_sword":5,"minecraft:enchanted_book":1,"minecraft:string":46,"minecraft:raw_copper":42,"minecraft:experience_bottle":6,"minecraft:beetroot":1,"minecraft:activator_rail":5,"minecraft:cobbled_deepslate":707,"bosses_of_mass_destruction:soul_star":2,"minecraft:bucket":1,"minecraft:spruce_planks":147,"minecraft:rose_bush":4,"minecraft:furnace":2,"minecraft:iron_boots":1,"minecraft:beehive":16,"minecraft:stick":174,"minecraft:composter":38,"minecraft:oak_fence":7,"minecraft:torch":74,"minecraft:acacia_log":173,"minecraft:spruce_stairs":11,"minecraft:porkchop":16,"minecraft:pointed_dripstone":30,"minecraft:diorite":7,"minecraft:rotten_flesh":99,"minecraft:bookshelf":40,"minecraft:obsidian":6,"minecraft:iron_bars":9,"minecraft:cobblestone":405,"minecraft:cooked_beef":3,"minecraft:feather":19,"minecraft:lilac":2,"minecraft:water_bucket":2,"minecraft:andesite":302,"minecraft:potato":19,"minecraft:flint":82,"minecraft:tuff":52,"minecraft:acacia_boat":32,"minecraft:lapis_lazuli":149,"minecraft:dirt":907,"minecraft:polished_granite":6,"securitycraft:reinforced_stone_button":9,"minecraft:bone":121,"minecraft:acacia_planks":161,"minecraft:bow":1,"minecraft:wheat_seeds":140,"minecraft:raw_gold":44,"minecraft:bell":2,"minecraft:fletching_table":1,"minecraft:powered_rail":4,"minecraft:oak_planks":61,"minecraft:cooked_porkchop":24,"minecraft:sand":195,"minecraft:ink_sac":2,"minecraft:dark_oak_log":77,"minecraft:mossy_cobblestone":1,"minecraft:iron_hoe":3,"minecraft:diamond":34,"minecraft:spruce_boat":2,"minecraft:granite":46,"minecraft:bone_meal":308,"minecraft:golden_apple":1,"minecraft:spruce_button":2,"minecraft:spruce_sign":30,"minecraft:emerald":11,"minecraft:bread":19,"minecraft:oak_sapling":134,"minecraft:dark_oak_fence":2,"minecraft:bricks":9,"luminousworld:groundpebbles_1":1,"minecraft:crafting_table":1,"minecraft:azure_bluet":3,"minecraft:chicken":3,"minecraft:ladder":25,"minecraft:clay_ball":197,"minecraft:wooden_pickaxe":1,"minecraft:chain":9,"gravestone:obituary":4,"minecraft:cornflower":2,"minecraft:oak_trapdoor":16,"minecraft:iron_axe":2,"minecraft:acacia_door":5,"minecraft:iron_shovel":1,"minecraft:glass_pane":12,"minecraft:beef":18,"minecraft:oak_boat":8,"minecraft:poppy":43,"minecraft:spruce_slab":4,"minecraft:minecart":22,"minecraft:sugar_cane":6,"minecraft:chest":1,"minecraft:birch_sapling":2,"minecraft:spruce_trapdoor":33,"minecraft:phantom_membrane":2,"minecraft:egg":8,"minecraft:dark_oak_sapling":39,"minecraft:raw_iron":86,"securitycraft:reinforced_cobblestone":31,"minecraft:cookie":5,"minecraft:carrot":1502,"minecraft:redstone":213,"minecraft:dark_oak_planks":86,"minecraft:arrow":214,"minecraft:beetroot_seeds":3,"minecraft:gold_ingot":3,"minecraft:glow_berries":22,"minecraft:mutton":14,"minecraft:rail":211,"minecraft:white_wool":21,"minecraft:oxeye_daisy":3,"minecraft:glow_ink_sac":4,"minecraft:salmon":4,"minecraft:leather":21,"minecraft:red_glazed_terracotta":6,"minecraft:oak_log":360,"minecraft:yellow_bed":31,"securitycraft:keypad_chest":4,"minecraft:gunpowder":12,"minecraft:cooked_mutton":12,"minecraft:apple":20,"minecraft:acacia_trapdoor":18,"minecraft:iron_ingot":120,"minecraft:cooked_chicken":9,"minecraft:cobweb":1,"securitycraft:universal_block_reinforcer_lvl1":1,"minecraft:iron_sword":1,"minecraft:acacia_sapling":80,"minecraft:dark_oak_stairs":21,"minecraft:book":28,"minecraft:pumpkin":3,"minecraft:chiseled_stone_bricks":4,"minecraft:dandelion":19,"minecraft:dripstone_block":8,"minecraft:gravel":262,"minecraft:spruce_sapling":74,"minecraft:blast_furnace":2,"minecraft:white_bed":16,"minecraft:spruce_log":242,"minecraft:spider_eye":6,"minecraft:brick_slab":6,"minecraft:terracotta":105,"minecraft:acacia_slab":8,"minecraft:coal":59,"minecraft:ender_pearl":2},"minecraft:used":{"minecraft:beetroot":1,"minecraft:iron_shovel":788,"minecraft:ladder":13,"minecraft:poppy":18,"minecraft:shield":48,"minecraft:chest":12,"minecraft:iron_sword":773,"minecraft:bell":2,"securitycraft:keypad_item":2,"minecraft:brick_slab":1,"minecraft:carrot":883,"minecraft:acacia_sapling":1,"minecraft:spruce_boat":3,"minecraft:glass":184,"minecraft:bricks":9,"minecraft:bow":24,"minecraft:dark_oak_boat":1,"minecraft:oak_sapling":127,"minecraft:furnace":7,"minecraft:egg":4,"minecraft:potato":4,"minecraft:dark_oak_sapling":30,"minecraft:dark_oak_stairs":15,"minecraft:acacia_trapdoor":18,"minecraft:oak_planks":340,"minecraft:wooden_pickaxe":38,"minecraft:composter":45,"minecraft:diamond_axe":450,"minecraft:cookie":47,"minecraft:white_wool":2,"minecraft:loom":1,"minecraft:blast_furnace":3,"securitycraft:universal_block_remover":4,"waystones:waystone":1,"minecraft:acacia_door":6,"minecraft:bread":31,"minecraft:string":1,"minecraft:polished_granite":1,"minecraft:deepslate":1,"minecraft:gravel":79,"minecraft:diamond_sword":507,"minecraft:grindstone":1,"minecraft:smithing_table":2,"minecraft:andesite":271,"minecraft:chain":4,"minecraft:oak_boat":8,"minecraft:bone_meal":418,"minecraft:cobweb":1,"minecraft:experience_bottle":6,"minecraft:oak_trapdoor":5,"minecraft:iron_bars":7,"minecraft:rose_bush":4,"minecraft:enchanting_table":1,"minecraft:stone_sword":129,"minecraft:acacia_log":1,"minecraft:flint_and_steel":5,"securitycraft:keypad_chest":4,"minecraft:spruce_planks":234,"minecraft:cooked_salmon":4,"minecraft:wooden_shovel":68,"minecraft:cooked_chicken":9,"minecraft:oak_door":2,"minecraft:torch":237,"minecraft:dirt":676,"minecraft:anvil":2,"minecraft:hopper":2,"minecraft:spruce_stairs":5,"minecraft:granite":9,"minecraft:iron_hoe":317,"minecraft:dark_oak_planks":368,"minecraft:bookshelf":36,"minecraft:iron_axe":1134,"minecraft:acacia_slab":3,"minecraft:minecart":22,"minecraft:pumpkin":3,"minecraft:cooked_beef":18,"minecraft:cobbled_deepslate":498,"minecraft:acacia_planks":540,"minecraft:cooked_mutton":21,"minecraft:acacia_boat":30,"minecraft:water_bucket":79,"minecraft:baked_potato":11,"minecraft:spruce_sign":30,"minecraft:fletching_table":3,"minecraft:stonecutter":1,"minecraft:red_glazed_terracotta":2,"minecraft:terracotta":104,"minecraft:rail":143,"minecraft:crafting_table":15,"minecraft:white_bed":16,"minecraft:wooden_hoe":135,"minecraft:activator_rail":1,"minecraft:diamond_pickaxe":12,"minecraft:apple":50,"minecraft:diamond_shovel":186,"minecraft:iron_pickaxe":2135,"minecraft:spruce_trapdoor":75,"minecraft:spruce_sapling":11,"minecraft:stone_axe":166,"minecraft:chiseled_stone_bricks":56,"minecraft:cobblestone":175,"minecraft:cooked_porkchop":22,"minecraft:bucket":84,"minecraft:yellow_bed":31,"minecraft:dandelion":15},"minecraft:dropped":{"minecraft:iron_sword":1,"minecraft:cooked_beef":1,"minecraft:glow_berries":11,"minecraft:flint":1,"minecraft:dirt":4,"minecraft:mutton":1,"gravestone:obituary":6,"minecraft:bone_meal":1,"minecraft:acacia_door":2,"minecraft:gravel":13,"minecraft:sugar_cane":6,"minecraft:birch_sapling":2,"minecraft:rotten_flesh":35,"minecraft:oak_planks":1,"minecraft:cooked_mutton":1,"minecraft:azure_bluet":1,"minecraft:carrot":127,"minecraft:poppy":12,"minecraft:gunpowder":2,"minecraft:beetroot_seeds":3,"minecraft:acacia_sapling":48,"minecraft:arrow":4,"minecraft:egg":1,"minecraft:wheat_seeds":97,"minecraft:lilac":2,"minecraft:cobblestone":12,"minecraft:oak_fence":2,"minecraft:spruce_button":2,"minecraft:acacia_trapdoor":5,"minecraft:stick":2,"minecraft:oxeye_daisy":2,"minecraft:cobweb":1,"minecraft:iron_axe":2,"minecraft:iron_shovel":1,"minecraft:string":2,"minecraft:acacia_planks":18,"minecraft:spruce_sapling":22,"minecraft:dandelion":2,"minecraft:redstone":6,"minecraft:oak_trapdoor":3,"minecraft:clay_ball":1,"minecraft:iron_hoe":2,"minecraft:diamond_sword":5,"minecraft:potato":4,"minecraft:spruce_trapdoor":1,"minecraft:spruce_planks":96,"minecraft:oak_sapling":2,"minecraft:spruce_log":8,"minecraft:wooden_pickaxe":2},"minecraft:crafted":{"minecraft:brick":10,"minecraft:grindstone":1,"minecraft:smooth_stone":4,"minecraft:oak_planks":1420,"minecraft:dark_oak_boat":1,"minecraft:cooked_chicken":3,"usefulbackpacks:backpack_small":1,"minecraft:loom":1,"minecraft:stone":64,"minecraft:diamond_shovel":1,"securitycraft:keypad_item":2,"minecraft:heavy_weighted_pressure_plate":2,"minecraft:cooked_mutton":13,"securitycraft:laser_block":1,"minecraft:glass":191,"minecraft:hopper":2,"minecraft:bow":7,"minecraft:iron_boots":2,"minecraft:chest":13,"minecraft:chiseled_stone_bricks":56,"minecraft:deepslate":12,"minecraft:wooden_shovel":1,"minecraft:emerald":151,"minecraft:cooked_porkchop":13,"minecraft:diamond_axe":1,"minecraft:crafting_table":14,"minecraft:spruce_planks":920,"minecraft:acacia_slab":48,"securitycraft:reinforced_stone_button":25,"minecraft:iron_helmet":4,"minecraft:wooden_pickaxe":1,"minecraft:baked_potato":11,"minecraft:smithing_table":1,"minecraft:fletching_table":2,"minecraft:apple":40,"minecraft:spruce_trapdoor":60,"minecraft:iron_chestplate":2,"minecraft:wooden_hoe":2,"minecraft:diamond_pickaxe":1,"minecraft:shield":1,"minecraft:stick":2858,"minecraft:iron_ingot":88,"minecraft:iron_pickaxe":11,"minecraft:iron_block":3,"minecraft:stone_sword":1,"minecraft:gold_ingot":3,"minecraft:acacia_door":3,"minecraft:composter":7,"minecraft:shears":1,"securitycraft:universal_block_reinforcer_lvl1":1,"minecraft:oak_door":3,"minecraft:cookie":54,"minecraft:iron_nugget":9,"minecraft:spruce_button":1,"minecraft:furnace":6,"minecraft:blast_furnace":1,"minecraft:bone_meal":360,"minecraft:glass_pane":16,"minecraft:flint_and_steel":1,"minecraft:iron_axe":7,"securitycraft:universal_block_remover":1,"minecraft:ladder":6,"minecraft:iron_hoe":2,"minecraft:spruce_slab":6,"minecraft:stone_pickaxe":10,"usefulbackpacks:backpack_medium":1,"minecraft:spruce_boat":1,"minecraft:redstone_block":7,"minecraft:dark_oak_planks":308,"minecraft:minecart":1,"minecraft:cooked_beef":18,"minecraft:crossbow":5,"minecraft:diamond_sword":1,"minecraft:spruce_sign":30,"minecraft:enchanting_table":1,"minecraft:iron_sword":4,"minecraft:acacia_trapdoor":20,"minecraft:cooked_salmon":4,"minecraft:bucket":5,"minecraft:stone_axe":2,"minecraft:bread":4,"minecraft:acacia_boat":4,"minecraft:air":0,"securitycraft:reinforced_stone":31,"minecraft:oak_boat":1,"minecraft:white_wool":4,"minecraft:flint":134,"minecraft:iron_shovel":3,"minecraft:iron_leggings":2,"minecraft:stonecutter":1,"minecraft:anvil":1,"minecraft:white_bed":1,"beyond_earth:steel_ingot":14,"minecraft:acacia_planks":688,"minecraft:torch":176},"minecraft:custom":{"minecraft:interact_with_crafting_table":136,"minecraft:open_barrel":2,"goblintraders:trade_with_goblin":53,"minecraft:bell_ring":40,"minecraft:leave_game":14,"minecraft:time_since_death":139864,"minecraft:sprint_one_cm":2134922,"minecraft:damage_blocked_by_shield":1970,"minecraft:drop":133,"minecraft:talked_to_villager":246,"minecraft:play_time":1047872,"minecraft:deaths":6,"minecraft:jump":11127,"minecraft:walk_on_water_one_cm":231866,"minecraft:enchant_item":12,"minecraft:interact_with_furnace":131,"minecraft:traded_with_villager":216,"minecraft:sleep_in_bed":29,"minecraft:waystone_activated":2,"minecraft:damage_dealt":76679,"minecraft:crouch_one_cm":39909,"minecraft:horse_one_cm":5513,"minecraft:interact_with_anvil":11,"minecraft:mob_kills":351,"minecraft:inspect_hopper":7,"minecraft:climb_one_cm":15136,"minecraft:walk_one_cm":2508248,"minecraft:sneak_time":21739,"minecraft:walk_under_water_one_cm":75258,"minecraft:boat_one_cm":1029296,"minecraft:interact_with_blast_furnace":8,"minecraft:total_world_time":1047872,"minecraft:time_since_rest":6811,"minecraft:damage_taken":9884,"minecraft:swim_one_cm":62627,"minecraft:fly_one_cm":2348291,"minecraft:open_chest":213,"minecraft:fall_one_cm":231046},"minecraft:broken":{"minecraft:iron_shovel":3,"minecraft:wooden_shovel":1,"minecraft:iron_leggings":1,"minecraft:chainmail_boots":1,"minecraft:stone_axe":1,"minecraft:iron_sword":2,"securitycraft:universal_block_reinforcer_lvl1":1,"minecraft:iron_hoe":1,"minecraft:stone_sword":1,"minecraft:iron_axe":4,"minecraft:iron_pickaxe":6,"minecraft:iron_helmet":1,"minecraft:wooden_hoe":2}},"DataVersion":3465}