{
  "minecraft:recipes/decorations/crafting_table": {
    "criteria": {
      "unlock_right_away": "2024-06-28 04:50:13 +0000"
    },
    "done": true
  },
  "iceandfire:iceandfire/root": {
    "criteria": {
      "tick": "2024-06-28 04:50:13 +0000"
    },
    "done": true
  },
  "dungeons_arise:wda_root": {
    "criteria": {
      "WDA": "2024-06-28 04:50:13 +0000"
    },
    "done": true
  },
  "the_bumblezone:root": {
    "criteria": {
      "instant_granted": "2024-06-28 04:50:13 +0000"
    },
    "done": true
  },
  "the_bumblezone:wiki": {
    "criteria": {
      "instant_granted": "2024-06-28 04:50:13 +0000"
    },
    "done": true
  },
  "minecraft:adventure/adventuring_time": {
    "criteria": {
      "minecraft:cherry_grove": "2024-06-28 05:08:34 +0000",
      "minecraft:savanna_plateau": "2024-06-28 04:54:42 +0000",
      "minecraft:river": "2024-06-28 05:32:39 +0000",
      "minecraft:dripstone_caves": "2024-06-28 05:08:28 +0000",
      "minecraft:savanna": "2024-06-28 04:50:14 +0000",
      "minecraft:plains": "2024-06-28 04:55:31 +0000"
    },
    "done": false
  },
  "mutantmonsters:root": {
    "criteria": {
      "killed_something": "2024-06-28 04:50:42 +0000"
    },
    "done": true
  },
  "minecraft:adventure/root": {
    "criteria": {
      "killed_something": "2024-06-28 04:50:42 +0000"
    },
    "done": true
  },
  "minecraft:recipes/misc/charcoal": {
    "criteria": {
      "has_log": "2024-06-28 04:50:50 +0000"
    },
    "done": true
  },
  "minecraft:recipes/building_blocks/oak_planks": {
    "criteria": {
      "has_logs": "2024-06-28 04:50:50 +0000"
    },
    "done": true
  },
  "securitycraft:recipes/misc/sc_manual": {
    "criteria": {
      "has_wood": "2024-06-28 04:50:50 +0000"
    },
    "done": true
  },
  "minecraft:recipes/building_blocks/oak_wood": {
    "criteria": {
      "has_log": "2024-06-28 04:50:50 +0000"
    },
    "done": true
  },
  "ironfurnaces:coal": {
    "criteria": {
      "rainbowcoal": "2024-06-28 04:50:50 +0000"
    },
    "done": true
  },
  "minecraft:recipes/decorations/oak_sign": {
    "criteria": {
      "has_planks": "2024-06-28 04:51:29 +0000"
    },
    "done": true
  },
  "minecraft:recipes/misc/stick": {
    "criteria": {
      "has_planks": "2024-06-28 04:51:29 +0000"
    },
    "done": true
  },
  "minecraft:recipes/building_blocks/oak_slab": {
    "criteria": {
      "has_planks": "2024-06-28 04:51:29 +0000"
    },
    "done": true
  },
  "minecraft:recipes/redstone/oak_fence_gate": {
    "criteria": {
      "has_planks": "2024-06-28 04:51:29 +0000"
    },
    "done": true
  },
  "minecraft:recipes/redstone/oak_door": {
    "criteria": {
      "has_planks": "2024-06-28 04:51:29 +0000"
    },
    "done": true
  },
  "minecraft:recipes/decorations/barrel": {
    "criteria": {
      "has_planks": "2024-06-28 04:51:29 +0000"
    },
    "done": true
  },
  "minecraft:recipes/redstone/oak_trapdoor": {
    "criteria": {
      "has_planks": "2024-06-28 04:51:29 +0000"
    },
    "done": true
  },
  "minecraft:recipes/building_blocks/oak_stairs": {
    "criteria": {
      "has_planks": "2024-06-28 04:51:29 +0000"
    },
    "done": true
  },
  "minecraft:recipes/decorations/oak_fence": {
    "criteria": {
      "has_planks": "2024-06-28 04:51:29 +0000"
    },
    "done": true
  },
  "iceandfire:recipes/misc/earplugs": {
    "criteria": {
      "has_item": "2024-06-28 04:51:29 +0000"
    },
    "done": true
  },
  "minecraft:recipes/redstone/oak_button": {
    "criteria": {
      "has_planks": "2024-06-28 04:51:29 +0000"
    },
    "done": true
  },
  "minecraft:recipes/redstone/oak_pressure_plate": {
    "criteria": {
      "has_planks": "2024-06-28 04:51:29 +0000"
    },
    "done": true
  },
  "aquamirae:adventure/root": {
    "criteria": {
      "crafting_table": "2024-06-28 04:51:31 +0000"
    },
    "done": true
  },
  "minecraft:story/root": {
    "criteria": {
      "crafting_table": "2024-06-28 04:51:31 +0000"
    },
    "done": true
  },
  "minecraft:recipes/building_blocks/acacia_wood": {
    "criteria": {
      "has_log": "2024-06-28 04:51:43 +0000"
    },
    "done": true
  },
  "minecraft:recipes/building_blocks/acacia_planks": {
    "criteria": {
      "has_log": "2024-06-28 04:51:43 +0000"
    },
    "done": true
  },
  "minecraft:recipes/redstone/acacia_button": {
    "criteria": {
      "has_planks": "2024-06-28 04:52:38 +0000"
    },
    "done": true
  },
  "minecraft:recipes/building_blocks/acacia_stairs": {
    "criteria": {
      "has_planks": "2024-06-28 04:52:38 +0000"
    },
    "done": true
  },
  "minecraft:recipes/redstone/acacia_door": {
    "criteria": {
      "has_planks": "2024-06-28 04:52:38 +0000"
    },
    "done": true
  },
  "minecraft:recipes/decorations/acacia_sign": {
    "criteria": {
      "has_planks": "2024-06-28 04:52:38 +0000"
    },
    "done": true
  },
  "minecraft:recipes/redstone/acacia_pressure_plate": {
    "criteria": {
      "has_planks": "2024-06-28 04:52:38 +0000"
    },
    "done": true
  },
  "minecraft:recipes/building_blocks/acacia_slab": {
    "criteria": {
      "has_planks": "2024-06-28 04:52:38 +0000"
    },
    "done": true
  },
  "minecraft:recipes/redstone/acacia_trapdoor": {
    "criteria": {
      "has_planks": "2024-06-28 04:52:38 +0000"
    },
    "done": true
  },
  "minecraft:recipes/redstone/acacia_fence_gate": {
    "criteria": {
      "has_planks": "2024-06-28 04:52:38 +0000"
    },
    "done": true
  },
  "minecraft:recipes/decorations/acacia_fence": {
    "criteria": {
      "has_planks": "2024-06-28 04:52:38 +0000"
    },
    "done": true
  },
  "minecraft:recipes/decorations/ladder": {
    "criteria": {
      "has_stick": "2024-06-28 04:52:40 +0000"
    },
    "done": true
  },
  "securitycraft:recipes/redstone/reinforced_birch_fence_gate": {
    "criteria": {
      "has_stick": "2024-06-28 04:52:40 +0000"
    },
    "done": true
  },
  "securitycraft:recipes/redstone/reinforced_crimson_fence_gate": {
    "criteria": {
      "has_stick": "2024-06-28 04:52:40 +0000"
    },
    "done": true
  },
  "securitycraft:recipes/misc/motion_activated_light": {
    "criteria": {
      "has_stick": "2024-06-28 04:52:40 +0000"
    },
    "done": true
  },
  "securitycraft:recipes/redstone/reinforced_jungle_fence_gate": {
    "criteria": {
      "has_stick": "2024-06-28 04:52:40 +0000"
    },
    "done": true
  },
  "minecraft:recipes/tools/wooden_axe": {
    "criteria": {
      "has_stick": "2024-06-28 04:52:40 +0000"
    },
    "done": true
  },
  "securitycraft:recipes/redstone/reinforced_spruce_fence_gate": {
    "criteria": {
      "has_stick": "2024-06-28 04:52:40 +0000"
    },
    "done": true
  },
  "securitycraft:recipes/misc/reinforced_acacia_fence": {
    "criteria": {
      "has_stick": "2024-06-28 04:52:40 +0000"
    },
    "done": true
  },
  "securitycraft:recipes/redstone/reinforced_bamboo_fence_gate": {
    "criteria": {
      "has_stick": "2024-06-28 04:52:40 +0000"
    },
    "done": true
  },
  "minecraft:recipes/decorations/campfire": {
    "criteria": {
      "has_stick": "2024-06-28 04:52:40 +0000"
    },
    "done": true
  },
  "minecraft:recipes/tools/wooden_hoe": {
    "criteria": {
      "has_stick": "2024-06-28 04:52:40 +0000"
    },
    "done": true
  },
  "securitycraft:recipes/misc/sonic_security_system": {
    "criteria": {
      "has_stick": "2024-06-28 04:52:40 +0000"
    },
    "done": true
  },
  "minecraft:recipes/tools/wooden_shovel": {
    "criteria": {
      "has_stick": "2024-06-28 04:52:40 +0000"
    },
    "done": true
  },
  "securitycraft:recipes/redstone/reinforced_dark_oak_fence_gate": {
    "criteria": {
      "has_stick": "2024-06-28 04:52:40 +0000"
    },
    "done": true
  },
  "minecraft:recipes/combat/wooden_sword": {
    "criteria": {
      "has_stick": "2024-06-28 04:52:40 +0000"
    },
    "done": true
  },
  "securitycraft:recipes/misc/reinforced_birch_fence": {
    "criteria": {
      "has_stick": "2024-06-28 04:52:40 +0000"
    },
    "done": true
  },
  "securitycraft:recipes/misc/reinforced_dark_oak_fence": {
    "criteria": {
      "has_stick": "2024-06-28 04:52:40 +0000"
    },
    "done": true
  },
  "securitycraft:recipes/misc/reinforced_oak_fence": {
    "criteria": {
      "has_stick": "2024-06-28 04:52:40 +0000"
    },
    "done": true
  },
  "securitycraft:recipes/redstone/reinforced_oak_fence_gate": {
    "criteria": {
      "has_stick": "2024-06-28 04:52:40 +0000"
    },
    "done": true
  },
  "securitycraft:recipes/misc/reinforced_bamboo_fence": {
    "criteria": {
      "has_stick": "2024-06-28 04:52:40 +0000"
    },
    "done": true
  },
  "securitycraft:recipes/misc/reinforced_crimson_fence": {
    "criteria": {
      "has_stick": "2024-06-28 04:52:40 +0000"
    },
    "done": true
  },
  "securitycraft:recipes/misc/reinforced_jungle_fence": {
    "criteria": {
      "has_stick": "2024-06-28 04:52:40 +0000"
    },
    "done": true
  },
  "securitycraft:recipes/misc/reinforced_warped_fence": {
    "criteria": {
      "has_stick": "2024-06-28 04:52:40 +0000"
    },
    "done": true
  },
  "securitycraft:recipes/redstone/reinforced_cherry_fence_gate": {
    "criteria": {
      "has_stick": "2024-06-28 04:52:40 +0000"
    },
    "done": true
  },
  "securitycraft:recipes/redstone/reinforced_acacia_fence_gate": {
    "criteria": {
      "has_stick": "2024-06-28 04:52:40 +0000"
    },
    "done": true
  },
  "securitycraft:recipes/misc/reinforced_cherry_fence": {
    "criteria": {
      "has_stick": "2024-06-28 04:52:40 +0000"
    },
    "done": true
  },
  "securitycraft:recipes/redstone/reinforced_warped_fence_gate": {
    "criteria": {
      "has_stick": "2024-06-28 04:52:40 +0000"
    },
    "done": true
  },
  "minecraft:recipes/tools/wooden_pickaxe": {
    "criteria": {
      "has_stick": "2024-06-28 04:52:40 +0000"
    },
    "done": true
  },
  "securitycraft:recipes/redstone/reinforced_mangrove_fence_gate": {
    "criteria": {
      "has_stick": "2024-06-28 04:52:40 +0000"
    },
    "done": true
  },
  "securitycraft:recipes/misc/reinforced_mangrove_fence": {
    "criteria": {
      "has_stick": "2024-06-28 04:52:40 +0000"
    },
    "done": true
  },
  "securitycraft:recipes/misc/reinforced_spruce_fence": {
    "criteria": {
      "has_stick": "2024-06-28 04:52:40 +0000"
    },
    "done": true
  },
  "aether:recipes/tools/wooden_axe_repairing": {
    "criteria": {
      "has_wooden_axe": "2024-06-28 04:52:43 +0000"
    },
    "done": true
  },
  "minecraft:recipes/food/cooked_mutton_from_smoking": {
    "criteria": {
      "has_mutton": "2024-06-28 04:53:25 +0000"
    },
    "done": true
  },
  "iceandfire:recipes/misc/dragon_meal": {
    "criteria": {
      "has_item": "2024-06-28 04:53:25 +0000"
    },
    "done": true
  },
  "minecraft:recipes/food/cooked_mutton": {
    "criteria": {
      "has_mutton": "2024-06-28 04:53:25 +0000"
    },
    "done": true
  },
  "minecraft:recipes/food/cooked_mutton_from_campfire_cooking": {
    "criteria": {
      "has_mutton": "2024-06-28 04:53:25 +0000"
    },
    "done": true
  },
  "aether:recipes/decorations/skyroot_bed": {
    "criteria": {
      "has_wool": "2024-06-28 04:53:26 +0000"
    },
    "done": true
  },
  "minecraft:recipes/decorations/chest": {
    "criteria": {
      "has_lots_of_items": "2024-06-28 04:53:26 +0000"
    },
    "done": true
  },
  "comforts:sleeping_bag_white": {
    "criteria": {
      "has_white_wool": "2024-06-28 04:53:26 +0000"
    },
    "done": true
  },
  "usefulbackpacks:recipes/backpack_small": {
    "criteria": {
      "has_wool": "2024-06-28 04:53:26 +0000"
    },
    "done": true
  },
  "aether:recipes/combat/white_cape": {
    "criteria": {
      "has_white_wool": "2024-06-28 04:53:26 +0000"
    },
    "done": true
  },
  "minecraft:recipes/decorations/white_bed": {
    "criteria": {
      "has_white_wool": "2024-06-28 04:53:26 +0000"
    },
    "done": true
  },
  "minecraft:recipes/decorations/painting": {
    "criteria": {
      "has_wool": "2024-06-28 04:53:26 +0000"
    },
    "done": true
  },
  "minecraft:recipes/decorations/white_carpet": {
    "criteria": {
      "has_white_wool": "2024-06-28 04:53:26 +0000"
    },
    "done": true
  },
  "minecraft:recipes/decorations/white_banner": {
    "criteria": {
      "has_white_wool": "2024-06-28 04:53:26 +0000"
    },
    "done": true
  },
  "aether:recipes/decorations/skyroot_chest": {
    "criteria": {
      "has_lots_of_items": "2024-06-28 04:53:26 +0000"
    },
    "done": true
  },
  "comforts:hammock_white": {
    "criteria": {
      "has_white_wool": "2024-06-28 04:53:26 +0000"
    },
    "done": true
  },
  "usefulbackpacks:recipes/filter_configurator": {
    "criteria": {
      "has_wool": "2024-06-28 04:53:26 +0000"
    },
    "done": true
  },
  "minecraft:husbandry/root": {
    "criteria": {
      "consumed_item": "2024-06-28 04:53:34 +0000"
    },
    "done": true
  },
  "minecraft:husbandry/balanced_diet": {
    "criteria": {
      "cooked_porkchop": "2024-06-28 06:44:46 +0000",
      "cooked_mutton": "2024-06-28 04:58:13 +0000",
      "cooked_beef": "2024-06-28 05:08:02 +0000",
      "apple": "2024-06-28 05:07:51 +0000",
      "mutton": "2024-06-28 04:53:34 +0000",
      "bread": "2024-06-29 05:10:53 +0000",
      "rotten_flesh": "2024-06-28 04:53:48 +0000",
      "cooked_chicken": "2024-06-28 04:58:43 +0000"
    },
    "done": false
  },
  "aether:recipes/tools/wooden_pickaxe_repairing": {
    "criteria": {
      "has_wooden_pickaxe": "2024-06-28 04:53:59 +0000"
    },
    "done": true
  },
  "minecraft:story/mine_stone": {
    "criteria": {
      "get_stone": "2024-06-28 04:54:02 +0000"
    },
    "done": true
  },
  "minecraft:recipes/decorations/furnace": {
    "criteria": {
      "has_cobblestone": "2024-06-28 04:54:02 +0000"
    },
    "done": true
  },
  "securitycraft:recipes/building_blocks/reinforced_andesite_with_vanilla_diorite": {
    "criteria": {
      "has_cobblestone": "2024-06-28 04:54:02 +0000"
    },
    "done": true
  },
  "minecraft:recipes/building_blocks/cobblestone_slab_from_cobblestone_stonecutting": {
    "criteria": {
      "has_cobblestone": "2024-06-28 04:54:02 +0000"
    },
    "done": true
  },
  "minecraft:recipes/building_blocks/stone": {
    "criteria": {
      "has_cobblestone": "2024-06-28 04:54:02 +0000"
    },
    "done": true
  },
  "securitycraft:recipes/building_blocks/reinforced_andesite_with_vanilla_cobblestone": {
    "criteria": {
      "has_cobblestone": "2024-06-28 04:54:02 +0000"
    },
    "done": true
  },
  "minecraft:recipes/tools/stone_pickaxe": {
    "criteria": {
      "has_cobblestone": "2024-06-28 04:54:02 +0000"
    },
    "done": true
  },
  "minecraft:recipes/building_blocks/cobblestone_slab": {
    "criteria": {
      "has_cobblestone": "2024-06-28 04:54:02 +0000"
    },
    "done": true
  },
  "minecraft:recipes/decorations/cobblestone_wall_from_cobblestone_stonecutting": {
    "criteria": {
      "has_cobblestone": "2024-06-28 04:54:02 +0000"
    },
    "done": true
  },
  "minecraft:recipes/building_blocks/cobblestone_stairs": {
    "criteria": {
      "has_cobblestone": "2024-06-28 04:54:02 +0000"
    },
    "done": true
  },
  "minecraft:recipes/tools/stone_shovel": {
    "criteria": {
      "has_cobblestone": "2024-06-28 04:54:02 +0000"
    },
    "done": true
  },
  "minecraft:recipes/redstone/lever": {
    "criteria": {
      "has_cobblestone": "2024-06-28 04:54:02 +0000"
    },
    "done": true
  },
  "minecraft:recipes/combat/stone_sword": {
    "criteria": {
      "has_cobblestone": "2024-06-28 04:54:02 +0000"
    },
    "done": true
  },
  "minecraft:recipes/decorations/cobblestone_wall": {
    "criteria": {
      "has_cobblestone": "2024-06-28 04:54:02 +0000"
    },
    "done": true
  },
  "minecraft:recipes/tools/stone_axe": {
    "criteria": {
      "has_cobblestone": "2024-06-28 04:54:02 +0000"
    },
    "done": true
  },
  "securitycraft:recipes/redstone/laser_block": {
    "criteria": {
      "has_stone": "2024-06-28 04:54:02 +0000"
    },
    "done": true
  },
  "securitycraft:recipes/building_blocks/reinforced_andesite": {
    "criteria": {
      "has_cobblestone": "2024-06-28 04:54:02 +0000"
    },
    "done": true
  },
  "securitycraft:recipes/building_blocks/reinforced_diorite": {
    "criteria": {
      "has_cobblestone": "2024-06-28 04:54:02 +0000"
    },
    "done": true
  },
  "minecraft:recipes/building_blocks/cobblestone_stairs_from_cobblestone_stonecutting": {
    "criteria": {
      "has_cobblestone": "2024-06-28 04:54:02 +0000"
    },
    "done": true
  },
  "minecraft:recipes/tools/stone_hoe": {
    "criteria": {
      "has_cobblestone": "2024-06-28 04:54:02 +0000"
    },
    "done": true
  },
  "aether:recipes/combat/stone_sword_repairing": {
    "criteria": {
      "has_stone_sword": "2024-06-28 04:54:20 +0000"
    },
    "done": true
  },
  "aether:recipes/tools/stone_pickaxe_repairing": {
    "criteria": {
      "has_stone_pickaxe": "2024-06-28 04:54:25 +0000"
    },
    "done": true
  },
  "minecraft:recipes/decorations/torch": {
    "criteria": {
      "has_stone_pickaxe": "2024-06-28 04:54:25 +0000"
    },
    "done": true
  },
  "minecraft:story/upgrade_tools": {
    "criteria": {
      "stone_pickaxe": "2024-06-28 04:54:25 +0000"
    },
    "done": true
  },
  "aether:recipes/tools/stone_axe_repairing": {
    "criteria": {
      "has_stone_axe": "2024-06-28 04:54:28 +0000"
    },
    "done": true
  },
  "minecraft:recipes/food/cooked_chicken_from_campfire_cooking": {
    "criteria": {
      "has_chicken": "2024-06-28 04:54:37 +0000"
    },
    "done": true
  },
  "minecraft:recipes/food/cooked_chicken_from_smoking": {
    "criteria": {
      "has_chicken": "2024-06-28 04:54:37 +0000"
    },
    "done": true
  },
  "croptopia:recipes/chicken_and_dumplings": {
    "criteria": {
      "has_chicken": "2024-06-28 04:54:37 +0000"
    },
    "done": true
  },
  "croptopia:recipes/fried_chicken": {
    "criteria": {
      "has_chicken": "2024-06-28 04:54:37 +0000"
    },
    "done": true
  },
  "minecraft:recipes/food/cooked_chicken": {
    "criteria": {
      "has_chicken": "2024-06-28 04:54:37 +0000"
    },
    "done": true
  },
  "croptopia:recipes/chicken_and_rice": {
    "criteria": {
      "has_chicken": "2024-06-28 04:54:37 +0000"
    },
    "done": true
  },
  "croptopia:recipes/chicken_and_noodles": {
    "criteria": {
      "has_chicken": "2024-06-28 04:54:37 +0000"
    },
    "done": true
  },
  "minecraft:recipes/building_blocks/raw_iron_block": {
    "criteria": {
      "has_raw_iron": "2024-06-28 04:55:16 +0000"
    },
    "done": true
  },
  "minecraft:recipes/misc/iron_ingot_from_blasting_raw_iron": {
    "criteria": {
      "has_raw_iron": "2024-06-28 04:55:16 +0000"
    },
    "done": true
  },
  "minecraft:recipes/misc/iron_ingot_from_smelting_raw_iron": {
    "criteria": {
      "has_raw_iron": "2024-06-28 04:55:16 +0000"
    },
    "done": true
  },
  "minecraft:recipes/building_blocks/emerald_block": {
    "criteria": {
      "has_emerald": "2024-06-28 04:56:48 +0000"
    },
    "done": true
  },
  "minecraft:adventure/trade": {
    "criteria": {
      "traded": "2024-06-28 04:56:48 +0000"
    },
    "done": true
  },
  "aether:recipes/combat/iron_helmet_repairing": {
    "criteria": {
      "has_iron_helmet": "2024-06-28 04:56:56 +0000"
    },
    "done": true
  },
  "minecraft:story/obtain_armor": {
    "criteria": {
      "iron_helmet": "2024-06-28 04:56:56 +0000"
    },
    "done": true
  },
  "minecraft:recipes/misc/iron_nugget_from_smelting": {
    "criteria": {
      "has_iron_helmet": "2024-06-28 04:56:56 +0000"
    },
    "done": true
  },
  "minecraft:recipes/misc/iron_nugget_from_blasting": {
    "criteria": {
      "has_iron_helmet": "2024-06-28 04:56:56 +0000"
    },
    "done": true
  },
  "aether:recipes/transportation/skyroot_boat": {
    "criteria": {
      "in_water": "2024-06-28 04:57:08 +0000"
    },
    "done": true
  },
  "minecraft:recipes/transportation/cherry_boat": {
    "criteria": {
      "in_water": "2024-06-28 04:57:08 +0000"
    },
    "done": true
  },
  "minecraft:recipes/transportation/bamboo_raft": {
    "criteria": {
      "in_water": "2024-06-28 04:57:08 +0000"
    },
    "done": true
  },
  "minecraft:recipes/transportation/acacia_boat": {
    "criteria": {
      "in_water": "2024-06-28 04:57:08 +0000"
    },
    "done": true
  },
  "minecraft:recipes/transportation/jungle_boat": {
    "criteria": {
      "in_water": "2024-06-28 04:57:08 +0000"
    },
    "done": true
  },
  "minecraft:recipes/transportation/spruce_boat": {
    "criteria": {
      "in_water": "2024-06-28 04:57:08 +0000"
    },
    "done": true
  },
  "minecraft:recipes/transportation/birch_boat": {
    "criteria": {
      "in_water": "2024-06-28 04:57:08 +0000"
    },
    "done": true
  },
  "minecraft:recipes/transportation/oak_boat": {
    "criteria": {
      "in_water": "2024-06-28 04:57:08 +0000"
    },
    "done": true
  },
  "minecraft:recipes/transportation/mangrove_boat": {
    "criteria": {
      "in_water": "2024-06-28 04:57:08 +0000"
    },
    "done": true
  },
  "minecraft:recipes/transportation/dark_oak_boat": {
    "criteria": {
      "in_water": "2024-06-28 04:57:08 +0000"
    },
    "done": true
  },
  "minecraft:recipes/decorations/smoker": {
    "criteria": {
      "has_furnace": "2024-06-28 04:57:48 +0000"
    },
    "done": true
  },
  "minecraft:recipes/building_blocks/coal_block": {
    "criteria": {
      "has_coal": "2024-06-28 04:57:57 +0000"
    },
    "done": true
  },
  "croptopia:recipes/cashew_chicken": {
    "criteria": {
      "has_cooked_chicken": "2024-06-28 04:58:41 +0000"
    },
    "done": true
  },
  "minecraft:recipes/combat/arrow": {
    "criteria": {
      "has_feather": "2024-06-28 04:59:03 +0000"
    },
    "done": true
  },
  "aether:recipes/combat/golden_dart": {
    "criteria": {
      "has_feather": "2024-06-28 04:59:03 +0000"
    },
    "done": true
  },
  "croptopia:recipes/chilli_relleno": {
    "criteria": {
      "has_egg": "2024-06-28 05:00:14 +0000"
    },
    "done": true
  },
  "croptopia:recipes/scrambled_eggs": {
    "criteria": {
      "has_egg": "2024-06-28 05:00:14 +0000"
    },
    "done": true
  },
  "minecraft:recipes/food/cake": {
    "criteria": {
      "has_egg": "2024-06-28 05:00:14 +0000"
    },
    "done": true
  },
  "aether:recipes/food/skyroot_milk_bucket_cake": {
    "criteria": {
      "has_egg": "2024-06-28 05:00:14 +0000"
    },
    "done": true
  },
  "croptopia:recipes/egg_roll": {
    "criteria": {
      "has_egg": "2024-06-28 05:00:14 +0000"
    },
    "done": true
  },
  "croptopia:recipes/misc/meringue": {
    "criteria": {
      "has_egg": "2024-06-28 05:00:14 +0000"
    },
    "done": true
  },
  "aether:recipes/combat/iron_chestplate_repairing": {
    "criteria": {
      "has_iron_chestplate": "2024-06-28 05:00:31 +0000"
    },
    "done": true
  },
  "minecraft:recipes/building_blocks/spruce_wood": {
    "criteria": {
      "has_log": "2024-06-28 05:00:49 +0000"
    },
    "done": true
  },
  "minecraft:recipes/building_blocks/spruce_planks": {
    "criteria": {
      "has_logs": "2024-06-28 05:00:49 +0000"
    },
    "done": true
  },
  "minecraft:recipes/building_blocks/dark_oak_planks": {
    "criteria": {
      "has_log": "2024-06-28 05:01:18 +0000"
    },
    "done": true
  },
  "minecraft:recipes/building_blocks/dark_oak_wood": {
    "criteria": {
      "has_log": "2024-06-28 05:01:18 +0000"
    },
    "done": true
  },
  "croptopia:recipes/beef_jerky": {
    "criteria": {
      "has_beef": "2024-06-28 05:01:27 +0000"
    },
    "done": true
  },
  "croptopia:recipes/pork_jerky": {
    "criteria": {
      "has_the_recipe": "2024-06-28 05:01:27 +0000"
    },
    "done": true
  },
  "croptopia:recipes/food/beef_jerky": {
    "criteria": {
      "has_the_recipe": "2024-06-28 05:01:27 +0000"
    },
    "done": true
  },
  "croptopia:recipes/burrito": {
    "criteria": {
      "has_the_recipe": "2024-06-28 05:01:27 +0000"
    },
    "done": true
  },
  "croptopia:recipes/shaped_beef_stew": {
    "criteria": {
      "has_beef": "2024-06-28 05:01:27 +0000"
    },
    "done": true
  },
  "croptopia:recipes/food/pork_jerky": {
    "criteria": {
      "has_the_recipe": "2024-06-28 05:01:27 +0000"
    },
    "done": true
  },
  "minecraft:recipes/food/cooked_beef_from_smoking": {
    "criteria": {
      "has_beef": "2024-06-28 05:01:27 +0000"
    },
    "done": true
  },
  "croptopia:recipes/hamburger": {
    "criteria": {
      "has_beef": "2024-06-28 05:01:27 +0000"
    },
    "done": true
  },
  "minecraft:recipes/food/cooked_beef": {
    "criteria": {
      "has_beef": "2024-06-28 05:01:27 +0000"
    },
    "done": true
  },
  "croptopia:recipes/stuffed_poblanos": {
    "criteria": {
      "has_beef": "2024-06-28 05:01:27 +0000"
    },
    "done": true
  },
  "croptopia:recipes/cheeseburger": {
    "criteria": {
      "has_beef": "2024-06-28 05:01:27 +0000"
    },
    "done": true
  },
  "minecraft:recipes/food/cooked_beef_from_campfire_cooking": {
    "criteria": {
      "has_beef": "2024-06-28 05:01:27 +0000"
    },
    "done": true
  },
  "minecraft:recipes/combat/leather_helmet": {
    "criteria": {
      "has_leather": "2024-06-28 05:01:43 +0000"
    },
    "done": true
  },
  "minecraft:recipes/combat/leather_chestplate": {
    "criteria": {
      "has_leather": "2024-06-28 05:01:43 +0000"
    },
    "done": true
  },
  "aether:recipes/tools/aether_saddle": {
    "criteria": {
      "has_leather": "2024-06-28 05:01:43 +0000"
    },
    "done": true
  },
  "minecraft:recipes/misc/leather_horse_armor": {
    "criteria": {
      "has_leather": "2024-06-28 05:01:43 +0000"
    },
    "done": true
  },
  "minecraft:recipes/decorations/item_frame": {
    "criteria": {
      "has_leather": "2024-06-28 05:01:43 +0000"
    },
    "done": true
  },
  "minecraft:recipes/combat/leather_boots": {
    "criteria": {
      "has_leather": "2024-06-28 05:01:43 +0000"
    },
    "done": true
  },
  "aether:recipes/combat/leather_gloves": {
    "criteria": {
      "has_leather": "2024-06-28 05:01:43 +0000"
    },
    "done": true
  },
  "minecraft:recipes/combat/leather_leggings": {
    "criteria": {
      "has_leather": "2024-06-28 05:01:43 +0000"
    },
    "done": true
  },
  "iceandfire:recipes/misc/blindfold": {
    "criteria": {
      "has_item": "2024-06-28 05:01:43 +0000"
    },
    "done": true
  },
  "plastic_from_ava:recipes/food/plastic": {
    "criteria": {
      "has_leather": "2024-06-28 05:01:43 +0000"
    },
    "done": true
  },
  "securitycraft:recipes/misc/sentry": {
    "criteria": {
      "has_iron": "2024-06-28 05:03:30 +0000"
    },
    "done": true
  },
  "ava:recipes/misc/fuse": {
    "criteria": {
      "has_iron_ingot": "2024-06-28 05:03:30 +0000"
    },
    "done": true
  },
  "aether:recipes/combat/iron_pendant": {
    "criteria": {
      "has_iron_ingot": "2024-06-28 05:03:30 +0000"
    },
    "done": true
  },
  "ava:recipes/misc/smoke_powder": {
    "criteria": {
      "has_iron_ingot": "2024-06-28 05:03:30 +0000"
    },
    "done": true
  },
  "minecraft:recipes/combat/iron_helmet": {
    "criteria": {
      "has_iron_ingot": "2024-06-28 05:03:30 +0000"
    },
    "done": true
  },
  "securitycraft:recipes/decorations/floor_trap": {
    "criteria": {
      "has_iron": "2024-06-28 05:03:30 +0000"
    },
    "done": true
  },
  "securitycraft:recipes/misc/storage_module": {
    "criteria": {
      "has_iron": "2024-06-28 05:03:30 +0000"
    },
    "done": true
  },
  "minecraft:recipes/tools/shears": {
    "criteria": {
      "has_iron_ingot": "2024-06-28 05:03:30 +0000"
    },
    "done": true
  },
  "minecraft:recipes/building_blocks/iron_block": {
    "criteria": {
      "has_iron_ingot": "2024-06-28 05:03:30 +0000"
    },
    "done": true
  },
  "securitycraft:recipes/transportation/track_mine": {
    "criteria": {
      "has_iron": "2024-06-28 05:03:30 +0000"
    },
    "done": true
  },
  "securitycraft:recipes/misc/whitelist_module": {
    "criteria": {
      "has_iron": "2024-06-28 05:03:30 +0000"
    },
    "done": true
  },
  "securitycraft:recipes/misc/security_camera": {
    "criteria": {
      "has_iron": "2024-06-28 05:03:30 +0000"
    },
    "done": true
  },
  "minecraft:recipes/redstone/hopper": {
    "criteria": {
      "has_iron_ingot": "2024-06-28 05:03:30 +0000"
    },
    "done": true
  },
  "securitycraft:recipes/misc/briefcase": {
    "criteria": {
      "has_iron": "2024-06-28 05:03:30 +0000"
    },
    "done": true
  },
  "securitycraft:recipes/redstone/reinforced_fence_gate": {
    "criteria": {
      "has_iron": "2024-06-28 05:03:30 +0000"
    },
    "done": true
  },
  "aether:recipes/combat/iron_gloves": {
    "criteria": {
      "has_iron": "2024-06-28 05:03:30 +0000"
    },
    "done": true
  },
  "securitycraft:recipes/misc/electrified_iron_fence": {
    "criteria": {
      "has_iron": "2024-06-28 05:03:30 +0000"
    },
    "done": true
  },
  "ava:recipes/misc/compressed_wood": {
    "criteria": {
      "has_iron_ingot": "2024-06-28 05:03:30 +0000"
    },
    "done": true
  },
  "securitycraft:recipes/misc/keycard_lv5": {
    "criteria": {
      "has_iron": "2024-06-28 05:03:30 +0000"
    },
    "done": true
  },
  "securitycraft:recipes/misc/keycard_lv3": {
    "criteria": {
      "has_iron": "2024-06-28 05:03:30 +0000"
    },
    "done": true
  },
  "securitycraft:recipes/misc/keycard_lv4": {
    "criteria": {
      "has_iron": "2024-06-28 05:03:30 +0000"
    },
    "done": true
  },
  "securitycraft:recipes/misc/keycard_lv1": {
    "criteria": {
      "has_iron": "2024-06-28 05:03:30 +0000"
    },
    "done": true
  },
  "securitycraft:recipes/misc/keycard_lv2": {
    "criteria": {
      "has_iron": "2024-06-28 05:03:30 +0000"
    },
    "done": true
  },
  "minecraft:recipes/combat/iron_boots": {
    "criteria": {
      "has_iron_ingot": "2024-06-28 05:03:30 +0000"
    },
    "done": true
  },
  "croptopia:recipes/misc/frying_pan": {
    "criteria": {
      "has_iron": "2024-06-28 05:03:30 +0000"
    },
    "done": true
  },
  "minecraft:recipes/decorations/lantern": {
    "criteria": {
      "has_iron_ingot": "2024-06-28 05:03:30 +0000"
    },
    "done": true
  },
  "securitycraft:recipes/misc/mine": {
    "criteria": {
      "has_iron": "2024-06-28 05:03:30 +0000"
    },
    "done": true
  },
  "minecraft:recipes/tools/iron_shovel": {
    "criteria": {
      "has_iron_ingot": "2024-06-28 05:03:30 +0000"
    },
    "done": true
  },
  "ava:recipes/misc/acetone_solution": {
    "criteria": {
      "has_iron_ingot": "2024-06-28 05:03:30 +0000"
    },
    "done": true
  },
  "ava:recipes/decorations/gun_modifying_table": {
    "criteria": {
      "has_iron_ingot": "2024-06-28 05:03:30 +0000"
    },
    "done": true
  },
  "securitycraft:recipes/misc/trophy_system": {
    "criteria": {
      "has_iron": "2024-06-28 05:03:30 +0000"
    },
    "done": true
  },
  "minecraft:recipes/redstone/iron_trapdoor": {
    "criteria": {
      "has_iron_ingot": "2024-06-28 05:03:30 +0000"
    },
    "done": true
  },
  "ava:recipes/decorations/gun_crafting_table": {
    "criteria": {
      "has_iron_ingot": "2024-06-28 05:03:30 +0000"
    },
    "done": true
  },
  "croptopia:recipes/misc/knife": {
    "criteria": {
      "has_iron": "2024-06-28 05:03:30 +0000"
    },
    "done": true
  },
  "minecraft:recipes/combat/crossbow": {
    "criteria": {
      "has_iron_ingot": "2024-06-28 05:03:30 +0000"
    },
    "done": true
  },
  "securitycraft:recipes/misc/speed_module": {
    "criteria": {
      "has_iron": "2024-06-28 05:03:30 +0000"
    },
    "done": true
  },
  "securitycraft:recipes/misc/camera_monitor": {
    "criteria": {
      "has_iron": "2024-06-28 05:03:30 +0000"
    },
    "done": true
  },
  "ava:recipes/misc/lens": {
    "criteria": {
      "has_iron_ingot": "2024-06-28 05:03:30 +0000"
    },
    "done": true
  },
  "securitycraft:recipes/misc/redstone_module": {
    "criteria": {
      "has_iron": "2024-06-28 05:03:30 +0000"
    },
    "done": true
  },
  "securitycraft:recipes/misc/door_indestructible_iron_item": {
    "criteria": {
      "has_iron": "2024-06-28 05:03:30 +0000"
    },
    "done": true
  },
  "securitycraft:recipes/tools/universal_block_remover": {
    "criteria": {
      "has_iron": "2024-06-28 05:03:30 +0000"
    },
    "done": true
  },
  "minecraft:recipes/redstone/heavy_weighted_pressure_plate": {
    "criteria": {
      "has_iron_ingot": "2024-06-28 05:03:30 +0000"
    },
    "done": true
  },
  "minecraft:recipes/combat/iron_leggings": {
    "criteria": {
      "has_iron_ingot": "2024-06-28 05:03:30 +0000"
    },
    "done": true
  },
  "ava:recipes/misc/spring": {
    "criteria": {
      "has_iron_ingot": "2024-06-28 05:03:30 +0000"
    },
    "done": true
  },
  "securitycraft:recipes/misc/blacklist_module": {
    "criteria": {
      "has_iron": "2024-06-28 05:03:30 +0000"
    },
    "done": true
  },
  "minecraft:recipes/combat/iron_chestplate": {
    "criteria": {
      "has_iron_ingot": "2024-06-28 05:03:30 +0000"
    },
    "done": true
  },
  "ava:recipes/decorations/gun_colouring_table": {
    "criteria": {
      "has_iron_ingot": "2024-06-28 05:03:30 +0000"
    },
    "done": true
  },
  "securitycraft:recipes/misc/limited_use_keycard": {
    "criteria": {
      "has_iron": "2024-06-28 05:03:30 +0000"
    },
    "done": true
  },
  "securitycraft:recipes/misc/bouncing_betty": {
    "criteria": {
      "has_iron": "2024-06-28 05:03:30 +0000"
    },
    "done": true
  },
  "minecraft:recipes/misc/iron_nugget": {
    "criteria": {
      "has_iron_ingot": "2024-06-28 05:03:30 +0000"
    },
    "done": true
  },
  "minecraft:recipes/misc/bucket": {
    "criteria": {
      "has_iron_ingot": "2024-06-28 05:03:30 +0000"
    },
    "done": true
  },
  "securitycraft:recipes/misc/disguise_module": {
    "criteria": {
      "has_iron": "2024-06-28 05:03:30 +0000"
    },
    "done": true
  },
  "minecraft:recipes/transportation/minecart": {
    "criteria": {
      "has_iron_ingot": "2024-06-28 05:03:30 +0000"
    },
    "done": true
  },
  "minecraft:recipes/tools/iron_hoe": {
    "criteria": {
      "has_iron_ingot": "2024-06-28 05:03:30 +0000"
    },
    "done": true
  },
  "ava:recipes/misc/work_hardened_iron": {
    "criteria": {
      "has_iron_ingot": "2024-06-28 05:03:30 +0000"
    },
    "done": true
  },
  "securitycraft:recipes/redstone/block_change_detector": {
    "criteria": {
      "has_iron": "2024-06-28 05:03:30 +0000"
    },
    "done": true
  },
  "minecraft:story/smelt_iron": {
    "criteria": {
      "iron": "2024-06-28 05:03:30 +0000"
    },
    "done": true
  },
  "minecraft:recipes/decorations/chain": {
    "criteria": {
      "has_iron_ingot": "2024-06-28 05:03:30 +0000"
    },
    "done": true
  },
  "minecraft:recipes/decorations/smithing_table": {
    "criteria": {
      "has_iron_ingot": "2024-06-28 05:03:30 +0000"
    },
    "done": true
  },
  "minecraft:recipes/combat/iron_sword": {
    "criteria": {
      "has_iron_ingot": "2024-06-28 05:03:30 +0000"
    },
    "done": true
  },
  "minecraft:recipes/tools/iron_pickaxe": {
    "criteria": {
      "has_iron_ingot": "2024-06-28 05:03:30 +0000"
    },
    "done": true
  },
  "ava:recipes/decorations/mastery_table": {
    "criteria": {
      "has_iron_ingot": "2024-06-28 05:03:30 +0000"
    },
    "done": true
  },
  "minecraft:recipes/combat/shield": {
    "criteria": {
      "has_iron_ingot": "2024-06-28 05:03:30 +0000"
    },
    "done": true
  },
  "minecraft:recipes/decorations/iron_bars": {
    "criteria": {
      "has_iron_ingot": "2024-06-28 05:03:30 +0000"
    },
    "done": true
  },
  "aether:recipes/decorations/skyroot_smithing_table": {
    "criteria": {
      "has_iron_ingot": "2024-06-28 05:03:30 +0000"
    },
    "done": true
  },
  "ava:recipes/misc/fibre": {
    "criteria": {
      "has_iron_ingot": "2024-06-28 05:03:30 +0000"
    },
    "done": true
  },
  "aether:recipes/combat/skyroot_iron_vanilla_shield": {
    "criteria": {
      "has_iron_ingot": "2024-06-28 05:03:30 +0000"
    },
    "done": true
  },
  "securitycraft:recipes/misc/harming_module": {
    "criteria": {
      "has_iron": "2024-06-28 05:03:30 +0000"
    },
    "done": true
  },
  "ava:recipes/misc/ceramic": {
    "criteria": {
      "has_iron_ingot": "2024-06-28 05:03:30 +0000"
    },
    "done": true
  },
  "securitycraft:recipes/misc/smart_module": {
    "criteria": {
      "has_iron": "2024-06-28 05:03:30 +0000"
    },
    "done": true
  },
  "ava:recipes/misc/mechanical_components": {
    "criteria": {
      "has_iron_ingot": "2024-06-28 05:03:30 +0000"
    },
    "done": true
  },
  "aether:recipes/combat/iron_ring": {
    "criteria": {
      "has_iron_ingot": "2024-06-28 05:03:30 +0000"
    },
    "done": true
  },
  "ava:recipes/decorations/builders_table": {
    "criteria": {
      "has_iron_ingot": "2024-06-28 05:03:30 +0000"
    },
    "done": true
  },
  "minecraft:recipes/tools/iron_axe": {
    "criteria": {
      "has_iron_ingot": "2024-06-28 05:03:30 +0000"
    },
    "done": true
  },
  "ava:recipes/misc/silicon": {
    "criteria": {
      "has_iron_ingot": "2024-06-28 05:03:30 +0000"
    },
    "done": true
  },
  "minecraft:recipes/redstone/iron_door": {
    "criteria": {
      "has_iron_ingot": "2024-06-28 05:03:30 +0000"
    },
    "done": true
  },
  "croptopia:recipes/misc/cooking_pot": {
    "criteria": {
      "has_iron": "2024-06-28 05:03:30 +0000"
    },
    "done": true
  },
  "aether:recipes/tools/iron_axe_repairing": {
    "criteria": {
      "has_iron_axe": "2024-06-28 05:03:52 +0000"
    },
    "done": true
  },
  "croptopia:recipes/misc/apple_juice": {
    "criteria": {
      "has_apple": "2024-06-28 05:04:20 +0000"
    },
    "done": true
  },
  "croptopia:recipes/misc/apple_sapling": {
    "criteria": {
      "has_apple": "2024-06-28 05:04:20 +0000"
    },
    "done": true
  },
  "croptopia:recipes/misc/apple_pie": {
    "criteria": {
      "has_apple": "2024-06-28 05:04:20 +0000"
    },
    "done": true
  },
  "croptopia:recipes/fruit_smoothie": {
    "criteria": {
      "has_fruit": "2024-06-28 05:04:20 +0000"
    },
    "done": true
  },
  "croptopia:recipes/documentation": {
    "criteria": {
      "has_crop": "2024-06-28 05:04:20 +0000"
    },
    "done": true
  },
  "croptopia:recipes/fruit_salad": {
    "criteria": {
      "has_apple": "2024-06-28 05:04:20 +0000"
    },
    "done": true
  },
  "minecraft:recipes/food/cooked_porkchop": {
    "criteria": {
      "has_porkchop": "2024-06-28 05:06:18 +0000"
    },
    "done": true
  },
  "minecraft:recipes/food/cooked_porkchop_from_smoking": {
    "criteria": {
      "has_porkchop": "2024-06-28 05:06:18 +0000"
    },
    "done": true
  },
  "croptopia:recipes/pork_and_beans": {
    "criteria": {
      "has_pork": "2024-06-28 05:06:18 +0000"
    },
    "done": true
  },
  "croptopia:recipes/carnitas": {
    "criteria": {
      "has_porkchop": "2024-06-28 05:06:18 +0000"
    },
    "done": true
  },
  "minecraft:recipes/food/cooked_porkchop_from_campfire_cooking": {
    "criteria": {
      "has_porkchop": "2024-06-28 05:06:18 +0000"
    },
    "done": true
  },
  "croptopia:recipes/shaped_bacon": {
    "criteria": {
      "has_porkchop": "2024-06-28 05:06:18 +0000"
    },
    "done": true
  },
  "minecraft:adventure/kill_all_mobs": {
    "criteria": {
      "minecraft:skeleton": "2024-06-28 06:38:48 +0000",
      "minecraft:hoglin": "2024-06-28 06:02:40 +0000",
      "minecraft:spider": "2024-06-28 05:06:31 +0000",
      "sullysmod:bouldering_zombie": "2024-06-28 06:43:14 +0000",
      "minecraft:zombified_piglin": "2024-06-29 05:24:17 +0000",
      "minecraft:piglin": "2024-06-28 06:02:32 +0000",
      "minecraft:enderman": "2024-06-29 05:26:54 +0000",
      "minecraft:zombie": "2024-06-28 05:45:47 +0000"
    },
    "done": false
  },
  "minecraft:adventure/kill_a_mob": {
    "criteria": {
      "minecraft:spider": "2024-06-28 05:06:31 +0000"
    },
    "done": true
  },
  "croptopia:recipes/food/molasses_from_smoking_sugar_cane": {
    "criteria": {
      "has_sugar_cane": "2024-06-28 05:08:55 +0000"
    },
    "done": true
  },
  "croptopia:recipes/campfire_molasses": {
    "criteria": {
      "has_sugar_cane": "2024-06-28 05:08:55 +0000"
    },
    "done": true
  },
  "minecraft:recipes/misc/paper": {
    "criteria": {
      "has_reeds": "2024-06-28 05:08:55 +0000"
    },
    "done": true
  },
  "croptopia:recipes/food/molasses_from_sugar_cane": {
    "criteria": {
      "has_sugar_cane": "2024-06-28 05:08:55 +0000"
    },
    "done": true
  },
  "minecraft:recipes/misc/sugar_from_sugar_cane": {
    "criteria": {
      "has_sugar_cane": "2024-06-28 05:08:55 +0000"
    },
    "done": true
  },
  "minecraft:adventure/sleep_in_bed": {
    "criteria": {
      "slept_in_bed": "2024-06-28 05:09:32 +0000"
    },
    "done": true
  },
  "minecraft:recipes/decorations/spruce_fence": {
    "criteria": {
      "has_planks": "2024-06-28 05:11:25 +0000"
    },
    "done": true
  },
  "minecraft:recipes/redstone/spruce_button": {
    "criteria": {
      "has_planks": "2024-06-28 05:11:25 +0000"
    },
    "done": true
  },
  "minecraft:recipes/redstone/spruce_pressure_plate": {
    "criteria": {
      "has_planks": "2024-06-28 05:11:25 +0000"
    },
    "done": true
  },
  "minecraft:recipes/decorations/spruce_sign": {
    "criteria": {
      "has_planks": "2024-06-28 05:11:25 +0000"
    },
    "done": true
  },
  "minecraft:recipes/building_blocks/spruce_slab": {
    "criteria": {
      "has_planks": "2024-06-28 05:11:25 +0000"
    },
    "done": true
  },
  "minecraft:recipes/redstone/spruce_trapdoor": {
    "criteria": {
      "has_planks": "2024-06-28 05:11:25 +0000"
    },
    "done": true
  },
  "minecraft:recipes/redstone/spruce_door": {
    "criteria": {
      "has_planks": "2024-06-28 05:11:25 +0000"
    },
    "done": true
  },
  "minecraft:recipes/redstone/spruce_fence_gate": {
    "criteria": {
      "has_planks": "2024-06-28 05:11:25 +0000"
    },
    "done": true
  },
  "minecraft:recipes/building_blocks/spruce_stairs": {
    "criteria": {
      "has_planks": "2024-06-28 05:11:25 +0000"
    },
    "done": true
  },
  "minecraft:recipes/building_blocks/dark_oak_stairs": {
    "criteria": {
      "has_planks": "2024-06-28 05:12:16 +0000"
    },
    "done": true
  },
  "minecraft:recipes/redstone/dark_oak_door": {
    "criteria": {
      "has_planks": "2024-06-28 05:12:16 +0000"
    },
    "done": true
  },
  "minecraft:recipes/decorations/dark_oak_sign": {
    "criteria": {
      "has_planks": "2024-06-28 05:12:16 +0000"
    },
    "done": true
  },
  "minecraft:recipes/redstone/dark_oak_fence_gate": {
    "criteria": {
      "has_planks": "2024-06-28 05:12:16 +0000"
    },
    "done": true
  },
  "minecraft:recipes/redstone/dark_oak_trapdoor": {
    "criteria": {
      "has_planks": "2024-06-28 05:12:16 +0000"
    },
    "done": true
  },
  "minecraft:recipes/redstone/dark_oak_button": {
    "criteria": {
      "has_planks": "2024-06-28 05:12:16 +0000"
    },
    "done": true
  },
  "minecraft:recipes/redstone/dark_oak_pressure_plate": {
    "criteria": {
      "has_planks": "2024-06-28 05:12:16 +0000"
    },
    "done": true
  },
  "minecraft:recipes/decorations/dark_oak_fence": {
    "criteria": {
      "has_planks": "2024-06-28 05:12:16 +0000"
    },
    "done": true
  },
  "minecraft:recipes/building_blocks/dark_oak_slab": {
    "criteria": {
      "has_planks": "2024-06-28 05:12:16 +0000"
    },
    "done": true
  },
  "aether:recipes/tools/iron_pickaxe_repairing": {
    "criteria": {
      "has_iron_pickaxe": "2024-06-28 05:13:48 +0000"
    },
    "done": true
  },
  "minecraft:story/iron_tools": {
    "criteria": {
      "iron_pickaxe": "2024-06-28 05:13:48 +0000"
    },
    "done": true
  },
  "minecraft:story/shiny_gear": {
    "criteria": {
      "diamond_leggings": "2024-06-28 05:18:54 +0000"
    },
    "done": true
  },
  "aether:recipes/combat/diamond_leggings_repairing": {
    "criteria": {
      "has_diamond_leggings": "2024-06-28 05:18:54 +0000"
    },
    "done": true
  },
  "aether:recipes/combat/diamond_chestplate_repairing": {
    "criteria": {
      "has_diamond_chestplate": "2024-06-28 05:22:46 +0000"
    },
    "done": true
  },
  "aether:recipes/combat/diamond_boots_repairing": {
    "criteria": {
      "has_diamond_boots": "2024-06-28 05:23:31 +0000"
    },
    "done": true
  },
  "minecraft:recipes/misc/pink_dye_from_peony": {
    "criteria": {
      "has_peony": "2024-06-28 05:24:45 +0000"
    },
    "done": true
  },
  "aether:recipes/combat/diamond_helmet_repairing": {
    "criteria": {
      "has_diamond_helmet": "2024-06-28 05:27:49 +0000"
    },
    "done": true
  },
  "minecraft:recipes/transportation/hopper_minecart": {
    "criteria": {
      "has_minecart": "2024-06-28 05:27:57 +0000"
    },
    "done": true
  },
  "minecraft:recipes/transportation/rail": {
    "criteria": {
      "has_minecart": "2024-06-28 05:27:57 +0000"
    },
    "done": true
  },
  "minecraft:recipes/transportation/tnt_minecart": {
    "criteria": {
      "has_minecart": "2024-06-28 05:27:57 +0000"
    },
    "done": true
  },
  "minecraft:recipes/transportation/chest_minecart": {
    "criteria": {
      "has_minecart": "2024-06-28 05:27:57 +0000"
    },
    "done": true
  },
  "minecraft:recipes/transportation/furnace_minecart": {
    "criteria": {
      "has_minecart": "2024-06-28 05:27:57 +0000"
    },
    "done": true
  },
  "aether:recipes/tools/diamond_axe_repairing": {
    "criteria": {
      "has_diamond_axe": "2024-06-28 05:36:27 +0000"
    },
    "done": true
  },
  "aether:recipes/tools/diamond_pickaxe_repairing": {
    "criteria": {
      "has_diamond_pickaxe": "2024-06-28 05:41:51 +0000"
    },
    "done": true
  },
  "aether:recipes/combat/bow_repairing": {
    "criteria": {
      "has_bow": "2024-06-28 05:42:00 +0000"
    },
    "done": true
  },
  "minecraft:recipes/redstone/dispenser": {
    "criteria": {
      "has_bow": "2024-06-28 05:42:00 +0000"
    },
    "done": true
  },
  "securitycraft:recipes/redstone/reinforced_dispenser": {
    "criteria": {
      "has_bow": "2024-06-28 05:42:00 +0000"
    },
    "done": true
  },
  "minecraft:recipes/building_blocks/lapis_block": {
    "criteria": {
      "has_lapis_lazuli": "2024-06-28 05:44:12 +0000"
    },
    "done": true
  },
  "minecraft:recipes/misc/blue_dye": {
    "criteria": {
      "has_lapis_lazuli": "2024-06-28 05:44:12 +0000"
    },
    "done": true
  },
  "minecraft:story/enchant_item": {
    "criteria": {
      "enchanted_item": "2024-06-28 05:44:18 +0000"
    },
    "done": true
  },
  "minecraft:story/enter_the_nether": {
    "criteria": {
      "entered_nether": "2024-06-28 06:01:24 +0000"
    },
    "done": true
  },
  "minecraft:nether/root": {
    "criteria": {
      "entered_nether": "2024-06-28 06:01:24 +0000"
    },
    "done": true
  },
  "minecraft:nether/explore_nether": {
    "criteria": {
      "minecraft:crimson_forest": "2024-06-28 06:01:25 +0000",
      "minecraft:soul_sand_valley": "2024-06-29 06:22:01 +0000"
    },
    "done": false
  },
  "minecraft:recipes/misc/nether_brick": {
    "criteria": {
      "has_netherrack": "2024-06-28 06:01:38 +0000"
    },
    "done": true
  },
  "minecraft:recipes/brewing/golden_carrot": {
    "criteria": {
      "has_gold_nugget": "2024-06-28 06:03:17 +0000"
    },
    "done": true
  },
  "iceandfire:recipes/food/gold_pile": {
    "criteria": {
      "has_item": "2024-06-28 06:03:17 +0000"
    },
    "done": true
  },
  "minecraft:recipes/misc/gold_ingot_from_nuggets": {
    "criteria": {
      "has_gold_nugget": "2024-06-28 06:03:17 +0000"
    },
    "done": true
  },
  "minecraft:recipes/tools/golden_axe": {
    "criteria": {
      "has_gold_ingot": "2024-06-28 06:03:36 +0000"
    },
    "done": true
  },
  "minecraft:recipes/tools/golden_pickaxe": {
    "criteria": {
      "has_gold_ingot": "2024-06-28 06:03:36 +0000"
    },
    "done": true
  },
  "minecraft:recipes/misc/gold_nugget": {
    "criteria": {
      "has_gold_ingot": "2024-06-28 06:03:36 +0000"
    },
    "done": true
  },
  "minecraft:recipes/tools/golden_shovel": {
    "criteria": {
      "has_gold_ingot": "2024-06-28 06:03:36 +0000"
    },
    "done": true
  },
  "minecraft:recipes/food/golden_apple": {
    "criteria": {
      "has_gold_ingot": "2024-06-28 06:03:36 +0000"
    },
    "done": true
  },
  "minecraft:recipes/combat/golden_boots": {
    "criteria": {
      "has_gold_ingot": "2024-06-28 06:03:36 +0000"
    },
    "done": true
  },
  "minecraft:recipes/combat/golden_chestplate": {
    "criteria": {
      "has_gold_ingot": "2024-06-28 06:03:36 +0000"
    },
    "done": true
  },
  "minecraft:recipes/redstone/light_weighted_pressure_plate": {
    "criteria": {
      "has_gold_ingot": "2024-06-28 06:03:36 +0000"
    },
    "done": true
  },
  "aether:recipes/combat/golden_ring": {
    "criteria": {
      "has_gold_ingot": "2024-06-28 06:03:36 +0000"
    },
    "done": true
  },
  "minecraft:recipes/combat/golden_sword": {
    "criteria": {
      "has_gold_ingot": "2024-06-28 06:03:36 +0000"
    },
    "done": true
  },
  "minecraft:recipes/building_blocks/gold_block": {
    "criteria": {
      "has_gold_ingot": "2024-06-28 06:03:36 +0000"
    },
    "done": true
  },
  "minecraft:recipes/combat/golden_helmet": {
    "criteria": {
      "has_gold_ingot": "2024-06-28 06:03:36 +0000"
    },
    "done": true
  },
  "aether:recipes/combat/golden_gloves": {
    "criteria": {
      "has_gold": "2024-06-28 06:03:36 +0000"
    },
    "done": true
  },
  "minecraft:recipes/tools/golden_hoe": {
    "criteria": {
      "has_gold_ingot": "2024-06-28 06:03:36 +0000"
    },
    "done": true
  },
  "aether:recipes/combat/golden_pendant": {
    "criteria": {
      "has_gold_ingot": "2024-06-28 06:03:36 +0000"
    },
    "done": true
  },
  "minecraft:recipes/combat/golden_leggings": {
    "criteria": {
      "has_gold_ingot": "2024-06-28 06:03:36 +0000"
    },
    "done": true
  },
  "minecraft:story/form_obsidian": {
    "criteria": {
      "obsidian": "2024-06-28 06:04:13 +0000"
    },
    "done": true
  },
  "minecraft:recipes/tools/flint_and_steel": {
    "criteria": {
      "has_obsidian": "2024-06-28 06:04:13 +0000"
    },
    "done": true
  },
  "minecraft:recipes/decorations/enchanting_table": {
    "criteria": {
      "has_obsidian": "2024-06-28 06:04:13 +0000"
    },
    "done": true
  },
  "minecraft:recipes/misc/gold_nugget_from_blasting": {
    "criteria": {
      "has_golden_pickaxe": "2024-06-28 06:04:46 +0000"
    },
    "done": true
  },
  "aether:recipes/tools/golden_pickaxe_repairing": {
    "criteria": {
      "has_golden_pickaxe": "2024-06-28 06:04:46 +0000"
    },
    "done": true
  },
  "minecraft:recipes/misc/gold_nugget_from_smelting": {
    "criteria": {
      "has_golden_pickaxe": "2024-06-28 06:04:46 +0000"
    },
    "done": true
  },
  "aether:recipes/decorations/skyroot_loom": {
    "criteria": {
      "has_string": "2024-06-28 06:12:46 +0000"
    },
    "done": true
  },
  "minecraft:recipes/redstone/tripwire_hook": {
    "criteria": {
      "has_string": "2024-06-28 06:12:46 +0000"
    },
    "done": true
  },
  "minecraft:recipes/decorations/candle": {
    "criteria": {
      "has_string": "2024-06-28 06:12:46 +0000"
    },
    "done": true
  },
  "ava:recipes/misc/cobweb": {
    "criteria": {
      "has_string": "2024-06-28 06:12:46 +0000"
    },
    "done": true
  },
  "aether:recipes/redstone/skyroot_tripwire_hook": {
    "criteria": {
      "has_string": "2024-06-28 06:12:46 +0000"
    },
    "done": true
  },
  "minecraft:recipes/combat/bow": {
    "criteria": {
      "has_string": "2024-06-28 06:12:46 +0000"
    },
    "done": true
  },
  "minecraft:recipes/tools/fishing_rod": {
    "criteria": {
      "has_string": "2024-06-28 06:12:46 +0000"
    },
    "done": true
  },
  "minecraft:recipes/brewing/fermented_spider_eye": {
    "criteria": {
      "has_spider_eye": "2024-06-28 06:12:46 +0000"
    },
    "done": true
  },
  "minecraft:recipes/building_blocks/white_wool_from_string": {
    "criteria": {
      "has_string": "2024-06-28 06:12:46 +0000"
    },
    "done": true
  },
  "minecraft:recipes/decorations/loom": {
    "criteria": {
      "has_string": "2024-06-28 06:12:46 +0000"
    },
    "done": true
  },
  "minecraft:recipes/decorations/grindstone": {
    "criteria": {
      "has_stone_slab": "2024-06-28 06:19:55 +0000"
    },
    "done": true
  },
  "aether:recipes/decorations/skyroot_grindstone": {
    "criteria": {
      "has_stone_slab": "2024-06-28 06:19:55 +0000"
    },
    "done": true
  },
  "minecraft:recipes/decorations/fletching_table": {
    "criteria": {
      "has_flint": "2024-06-28 06:22:09 +0000"
    },
    "done": true
  },
  "aether:recipes/decorations/skyroot_fletching_table": {
    "criteria": {
      "has_flint": "2024-06-28 06:22:09 +0000"
    },
    "done": true
  },
  "aether:recipes/combat/diamond_sword_repairing": {
    "criteria": {
      "has_diamond_sword": "2024-06-28 06:28:25 +0000"
    },
    "done": true
  },
  "minecraft:recipes/misc/emerald": {
    "criteria": {
      "has_emerald_block": "2024-06-28 06:29:42 +0000"
    },
    "done": true
  },
  "croptopia:recipes/ham_sandwich": {
    "criteria": {
      "has_cooked_porkchop": "2024-06-28 06:39:27 +0000"
    },
    "done": true
  },
  "aether:recipes/combat/chainmail_helmet_repairing": {
    "criteria": {
      "has_chainmail_helmet": "2024-06-28 06:43:00 +0000"
    },
    "done": true
  },
  "minecraft:recipes/misc/bone_meal": {
    "criteria": {
      "has_bone": "2024-06-28 06:43:01 +0000"
    },
    "done": true
  },
  "minecraft:recipes/misc/gold_ingot_from_blasting_raw_gold": {
    "criteria": {
      "has_raw_gold": "2024-06-28 06:43:24 +0000"
    },
    "done": true
  },
  "minecraft:recipes/misc/gold_ingot_from_smelting_raw_gold": {
    "criteria": {
      "has_raw_gold": "2024-06-28 06:43:24 +0000"
    },
    "done": true
  },
  "minecraft:recipes/building_blocks/raw_gold_block": {
    "criteria": {
      "has_raw_gold": "2024-06-28 06:43:24 +0000"
    },
    "done": true
  },
  "minecraft:recipes/building_blocks/polished_deepslate": {
    "criteria": {
      "has_cobbled_deepslate": "2024-06-28 06:43:25 +0000"
    },
    "done": true
  },
  "minecraft:recipes/building_blocks/deepslate_tile_stairs_from_cobbled_deepslate_stonecutting": {
    "criteria": {
      "has_cobbled_deepslate": "2024-06-28 06:43:25 +0000"
    },
    "done": true
  },
  "minecraft:recipes/building_blocks/cobbled_deepslate_slab": {
    "criteria": {
      "has_cobbled_deepslate": "2024-06-28 06:43:25 +0000"
    },
    "done": true
  },
  "minecraft:recipes/building_blocks/polished_deepslate_stairs_from_cobbled_deepslate_stonecutting": {
    "criteria": {
      "has_cobbled_deepslate": "2024-06-28 06:43:25 +0000"
    },
    "done": true
  },
  "minecraft:recipes/decorations/deepslate_brick_wall_from_cobbled_deepslate_stonecutting": {
    "criteria": {
      "has_cobbled_deepslate": "2024-06-28 06:43:25 +0000"
    },
    "done": true
  },
  "minecraft:recipes/building_blocks/polished_deepslate_from_cobbled_deepslate_stonecutting": {
    "criteria": {
      "has_cobbled_deepslate": "2024-06-28 06:43:25 +0000"
    },
    "done": true
  },
  "minecraft:recipes/building_blocks/cobbled_deepslate_slab_from_cobbled_deepslate_stonecutting": {
    "criteria": {
      "has_cobbled_deepslate": "2024-06-28 06:43:25 +0000"
    },
    "done": true
  },
  "minecraft:recipes/building_blocks/deepslate_tile_slab_from_cobbled_deepslate_stonecutting": {
    "criteria": {
      "has_cobbled_deepslate": "2024-06-28 06:43:25 +0000"
    },
    "done": true
  },
  "minecraft:recipes/decorations/deepslate_tile_wall_from_cobbled_deepslate_stonecutting": {
    "criteria": {
      "has_cobbled_deepslate": "2024-06-28 06:43:25 +0000"
    },
    "done": true
  },
  "minecraft:recipes/building_blocks/deepslate_brick_stairs_from_cobbled_deepslate_stonecutting": {
    "criteria": {
      "has_cobbled_deepslate": "2024-06-28 06:43:25 +0000"
    },
    "done": true
  },
  "minecraft:recipes/building_blocks/chiseled_deepslate_from_cobbled_deepslate_stonecutting": {
    "criteria": {
      "has_cobbled_deepslate": "2024-06-28 06:43:25 +0000"
    },
    "done": true
  },
  "minecraft:recipes/decorations/cobbled_deepslate_wall_from_cobbled_deepslate_stonecutting": {
    "criteria": {
      "has_cobbled_deepslate": "2024-06-28 06:43:25 +0000"
    },
    "done": true
  },
  "minecraft:recipes/decorations/cobbled_deepslate_wall": {
    "criteria": {
      "has_cobbled_deepslate": "2024-06-28 06:43:25 +0000"
    },
    "done": true
  },
  "minecraft:recipes/decorations/polished_deepslate_wall_from_cobbled_deepslate_stonecutting": {
    "criteria": {
      "has_cobbled_deepslate": "2024-06-28 06:43:25 +0000"
    },
    "done": true
  },
  "minecraft:recipes/building_blocks/cobbled_deepslate_stairs_from_cobbled_deepslate_stonecutting": {
    "criteria": {
      "has_cobbled_deepslate": "2024-06-28 06:43:25 +0000"
    },
    "done": true
  },
  "minecraft:recipes/building_blocks/deepslate": {
    "criteria": {
      "has_cobbled_deepslate": "2024-06-28 06:43:25 +0000"
    },
    "done": true
  },
  "minecraft:recipes/building_blocks/polished_deepslate_slab_from_cobbled_deepslate_stonecutting": {
    "criteria": {
      "has_cobbled_deepslate": "2024-06-28 06:43:25 +0000"
    },
    "done": true
  },
  "minecraft:recipes/building_blocks/deepslate_brick_slab_from_cobbled_deepslate_stonecutting": {
    "criteria": {
      "has_cobbled_deepslate": "2024-06-28 06:43:25 +0000"
    },
    "done": true
  },
  "minecraft:recipes/building_blocks/cobbled_deepslate_stairs": {
    "criteria": {
      "has_cobbled_deepslate": "2024-06-28 06:43:25 +0000"
    },
    "done": true
  },
  "minecraft:recipes/building_blocks/deepslate_bricks_from_cobbled_deepslate_stonecutting": {
    "criteria": {
      "has_cobbled_deepslate": "2024-06-28 06:43:25 +0000"
    },
    "done": true
  },
  "minecraft:recipes/building_blocks/deepslate_tiles_from_cobbled_deepslate_stonecutting": {
    "criteria": {
      "has_cobbled_deepslate": "2024-06-28 06:43:25 +0000"
    },
    "done": true
  },
  "croptopia:recipes/food/cooked_calamari_from_glowing_calamari": {
    "criteria": {
      "has_glowing_calamari": "2024-06-28 06:43:38 +0000"
    },
    "done": true
  },
  "croptopia:gather_food": {
    "criteria": {
      "glowing_calamari": "2024-06-28 06:43:38 +0000"
    },
    "done": false
  },
  "croptopia:recipes/food/cooked_calamari_from_smoking_glowing_calamari": {
    "criteria": {
      "has_glowing_calamari": "2024-06-28 06:43:38 +0000"
    },
    "done": true
  },
  "minecraft:recipes/decorations/glow_item_frame": {
    "criteria": {
      "has_glow_ink_sac": "2024-06-28 06:43:38 +0000"
    },
    "done": true
  },
  "farmersdelight:recipes/farmersdelight/cooking/cave_chum_bucket": {
    "criteria": {
      "has_any_ingredient": "2024-06-28 06:43:38 +0000"
    },
    "done": true
  },
  "minecraft:recipes/combat/diamond_sword": {
    "criteria": {
      "has_diamond": "2024-06-28 06:44:15 +0000"
    },
    "done": true
  },
  "minecraft:recipes/decorations/jukebox": {
    "criteria": {
      "has_diamond": "2024-06-28 06:44:15 +0000"
    },
    "done": true
  },
  "minecraft:recipes/combat/diamond_chestplate": {
    "criteria": {
      "has_diamond": "2024-06-28 06:44:15 +0000"
    },
    "done": true
  },
  "minecraft:recipes/tools/diamond_pickaxe": {
    "criteria": {
      "has_diamond": "2024-06-28 06:44:15 +0000"
    },
    "done": true
  },
  "minecraft:recipes/tools/diamond_hoe": {
    "criteria": {
      "has_diamond": "2024-06-28 06:44:15 +0000"
    },
    "done": true
  },
  "minecraft:recipes/tools/diamond_shovel": {
    "criteria": {
      "has_diamond": "2024-06-28 06:44:15 +0000"
    },
    "done": true
  },
  "minecraft:recipes/combat/diamond_helmet": {
    "criteria": {
      "has_diamond": "2024-06-28 06:44:15 +0000"
    },
    "done": true
  },
  "aether:recipes/combat/diamond_gloves": {
    "criteria": {
      "has_diamond": "2024-06-28 06:44:15 +0000"
    },
    "done": true
  },
  "minecraft:recipes/building_blocks/diamond_block": {
    "criteria": {
      "has_diamond": "2024-06-28 06:44:15 +0000"
    },
    "done": true
  },
  "minecraft:story/mine_diamond": {
    "criteria": {
      "diamond": "2024-06-28 06:44:15 +0000"
    },
    "done": true
  },
  "minecraft:recipes/combat/diamond_leggings": {
    "criteria": {
      "has_diamond": "2024-06-28 06:44:15 +0000"
    },
    "done": true
  },
  "aether:recipes/decorations/skyroot_jukebox": {
    "criteria": {
      "has_diamond": "2024-06-28 06:44:15 +0000"
    },
    "done": true
  },
  "minecraft:recipes/combat/diamond_boots": {
    "criteria": {
      "has_diamond": "2024-06-28 06:44:15 +0000"
    },
    "done": true
  },
  "minecraft:recipes/tools/diamond_axe": {
    "criteria": {
      "has_diamond": "2024-06-28 06:44:15 +0000"
    },
    "done": true
  },
  "minecraft:recipes/redstone/redstone_torch": {
    "criteria": {
      "has_redstone": "2024-06-28 06:45:20 +0000"
    },
    "done": true
  },
  "aether:recipes/redstone/skyroot_piston": {
    "criteria": {
      "has_redstone": "2024-06-28 06:45:20 +0000"
    },
    "done": true
  },
  "aether:recipes/redstone/skyroot_note_block": {
    "criteria": {
      "has_redstone": "2024-06-28 06:45:20 +0000"
    },
    "done": true
  },
  "securitycraft:recipes/misc/username_logger": {
    "criteria": {
      "has_redstone": "2024-06-28 06:45:20 +0000"
    },
    "done": true
  },
  "minecraft:recipes/redstone/target": {
    "criteria": {
      "has_redstone": "2024-06-28 06:45:20 +0000"
    },
    "done": true
  },
  "minecraft:recipes/tools/compass": {
    "criteria": {
      "has_redstone": "2024-06-28 06:45:20 +0000"
    },
    "done": true
  },
  "securitycraft:recipes/misc/portable_tune_player": {
    "criteria": {
      "has_redstone": "2024-06-28 06:45:20 +0000"
    },
    "done": true
  },
  "securitycraft:recipes/redstone/portable_radar": {
    "criteria": {
      "has_redstone": "2024-06-28 06:45:20 +0000"
    },
    "done": true
  },
  "securitycraft:recipes/tools/taser": {
    "criteria": {
      "has_redstone": "2024-06-28 06:45:20 +0000"
    },
    "done": true
  },
  "minecraft:recipes/redstone/redstone_block": {
    "criteria": {
      "has_redstone": "2024-06-28 06:45:20 +0000"
    },
    "done": true
  },
  "securitycraft:recipes/redstone/reinforced_dropper": {
    "criteria": {
      "has_redstone": "2024-06-28 06:45:20 +0000"
    },
    "done": true
  },
  "securitycraft:recipes/tools/universal_key_changer": {
    "criteria": {
      "has_redstone": "2024-06-28 06:45:20 +0000"
    },
    "done": true
  },
  "securitycraft:recipes/redstone/alarm": {
    "criteria": {
      "has_redstone": "2024-06-28 06:45:20 +0000"
    },
    "done": true
  },
  "minecraft:recipes/tools/clock": {
    "criteria": {
      "has_redstone": "2024-06-28 06:45:20 +0000"
    },
    "done": true
  },
  "securitycraft:recipes/tools/universal_block_reinforcer_lvl1": {
    "criteria": {
      "has_redstone": "2024-06-28 06:45:20 +0000"
    },
    "done": true
  },
  "securitycraft:recipes/tools/universal_block_reinforcer_lvl3": {
    "criteria": {
      "has_redstone": "2024-06-28 06:45:20 +0000"
    },
    "done": true
  },
  "securitycraft:recipes/tools/universal_block_reinforcer_lvl2": {
    "criteria": {
      "has_redstone": "2024-06-28 06:45:20 +0000"
    },
    "done": true
  },
  "securitycraft:recipes/redstone/reinforced_piston": {
    "criteria": {
      "has_redstone": "2024-06-28 06:45:20 +0000"
    },
    "done": true
  },
  "minecraft:recipes/redstone/note_block": {
    "criteria": {
      "has_redstone": "2024-06-28 06:45:20 +0000"
    },
    "done": true
  },
  "securitycraft:recipes/redstone/reinforced_redstone_lamp": {
    "criteria": {
      "has_redstone": "2024-06-28 06:45:20 +0000"
    },
    "done": true
  },
  "securitycraft:recipes/misc/keypad_frame": {
    "criteria": {
      "has_redstone": "2024-06-28 06:45:20 +0000"
    },
    "done": true
  },
  "securitycraft:recipes/misc/claymore": {
    "criteria": {
      "has_redstone": "2024-06-28 06:45:20 +0000"
    },
    "done": true
  },
  "minecraft:recipes/redstone/dropper": {
    "criteria": {
      "has_redstone": "2024-06-28 06:45:20 +0000"
    },
    "done": true
  },
  "securitycraft:recipes/redstone/panic_button": {
    "criteria": {
      "has_redstone": "2024-06-28 06:45:20 +0000"
    },
    "done": true
  },
  "weather2:recipes/misc/weather_item": {
    "criteria": {
      "has_redstone": "2024-06-28 06:45:20 +0000"
    },
    "done": true
  },
  "securitycraft:recipes/tools/universal_block_modifier": {
    "criteria": {
      "has_redstone": "2024-06-28 06:45:20 +0000"
    },
    "done": true
  },
  "securitycraft:recipes/misc/cage_trap": {
    "criteria": {
      "has_redstone": "2024-06-28 06:45:20 +0000"
    },
    "done": true
  },
  "minecraft:recipes/redstone/piston": {
    "criteria": {
      "has_redstone": "2024-06-28 06:45:20 +0000"
    },
    "done": true
  },
  "minecraft:recipes/misc/firework_rocket_simple": {
    "criteria": {
      "has_gunpowder": "2024-06-28 06:50:24 +0000"
    },
    "done": true
  },
  "ava:recipes/misc/packed_gunpowder": {
    "criteria": {
      "has_gunpowder": "2024-06-28 06:50:24 +0000"
    },
    "done": true
  },
  "minecraft:recipes/redstone/tnt": {
    "criteria": {
      "has_gunpowder": "2024-06-28 06:50:24 +0000"
    },
    "done": true
  },
  "aether:recipes/building_blocks/packed_ice_freezing": {
    "criteria": {
      "has_water_bucket": "2024-06-28 06:53:16 +0000"
    },
    "done": true
  },
  "minecraft:recipes/brewing/cauldron": {
    "criteria": {
      "has_water_bucket": "2024-06-28 06:53:16 +0000"
    },
    "done": true
  },
  "aether:recipes/building_blocks/blue_ice_freezing": {
    "criteria": {
      "has_water_bucket": "2024-06-28 06:53:16 +0000"
    },
    "done": true
  },
  "aether:recipes/building_blocks/ice_from_bucket_freezing": {
    "criteria": {
      "has_water_bucket": "2024-06-28 06:53:16 +0000"
    },
    "done": true
  },
  "croptopia:recipes/shaped_water_bottle": {
    "criteria": {
      "has_water": "2024-06-28 06:53:16 +0000"
    },
    "done": true
  },
  "securitycraft:recipes/tools/universal_owner_changer": {
    "criteria": {
      "has_name_tag": "2024-06-28 06:57:26 +0000"
    },
    "done": true
  },
  "minecraft:recipes/building_blocks/red_concrete_powder": {
    "criteria": {
      "has_sand": "2024-06-29 04:29:32 +0000"
    },
    "done": true
  },
  "minecraft:recipes/building_blocks/green_concrete_powder": {
    "criteria": {
      "has_sand": "2024-06-29 04:29:32 +0000"
    },
    "done": true
  },
  "minecraft:recipes/building_blocks/blue_concrete_powder": {
    "criteria": {
      "has_sand": "2024-06-29 04:29:32 +0000"
    },
    "done": true
  },
  "weather2:recipes/misc/sand_layer": {
    "criteria": {
      "has_sand": "2024-06-29 04:29:32 +0000"
    },
    "done": true
  },
  "minecraft:recipes/building_blocks/lime_concrete_powder": {
    "criteria": {
      "has_sand": "2024-06-29 04:29:32 +0000"
    },
    "done": true
  },
  "minecraft:recipes/building_blocks/orange_concrete_powder": {
    "criteria": {
      "has_sand": "2024-06-29 04:29:32 +0000"
    },
    "done": true
  },
  "minecraft:recipes/building_blocks/magenta_concrete_powder": {
    "criteria": {
      "has_sand": "2024-06-29 04:29:32 +0000"
    },
    "done": true
  },
  "minecraft:recipes/building_blocks/black_concrete_powder": {
    "criteria": {
      "has_sand": "2024-06-29 04:29:32 +0000"
    },
    "done": true
  },
  "minecraft:recipes/building_blocks/purple_concrete_powder": {
    "criteria": {
      "has_sand": "2024-06-29 04:29:32 +0000"
    },
    "done": true
  },
  "minecraft:recipes/building_blocks/cyan_concrete_powder": {
    "criteria": {
      "has_sand": "2024-06-29 04:29:32 +0000"
    },
    "done": true
  },
  "minecraft:recipes/building_blocks/light_gray_concrete_powder": {
    "criteria": {
      "has_sand": "2024-06-29 04:29:32 +0000"
    },
    "done": true
  },
  "minecraft:recipes/building_blocks/pink_concrete_powder": {
    "criteria": {
      "has_sand": "2024-06-29 04:29:32 +0000"
    },
    "done": true
  },
  "minecraft:recipes/building_blocks/brown_concrete_powder": {
    "criteria": {
      "has_sand": "2024-06-29 04:29:32 +0000"
    },
    "done": true
  },
  "minecraft:recipes/building_blocks/light_blue_concrete_powder": {
    "criteria": {
      "has_sand": "2024-06-29 04:29:32 +0000"
    },
    "done": true
  },
  "minecraft:recipes/building_blocks/glass": {
    "criteria": {
      "has_smelts_to_glass": "2024-06-29 04:29:32 +0000"
    },
    "done": true
  },
  "minecraft:recipes/building_blocks/white_concrete_powder": {
    "criteria": {
      "has_sand": "2024-06-29 04:29:32 +0000"
    },
    "done": true
  },
  "minecraft:recipes/building_blocks/yellow_concrete_powder": {
    "criteria": {
      "has_sand": "2024-06-29 04:29:32 +0000"
    },
    "done": true
  },
  "minecraft:recipes/building_blocks/sandstone": {
    "criteria": {
      "has_sand": "2024-06-29 04:29:32 +0000"
    },
    "done": true
  },
  "minecraft:recipes/building_blocks/gray_concrete_powder": {
    "criteria": {
      "has_sand": "2024-06-29 04:29:32 +0000"
    },
    "done": true
  },
  "securitycraft:recipes/building_blocks/reinforced_light_gray_stained_glass": {
    "criteria": {
      "has_glass": "2024-06-29 04:30:49 +0000"
    },
    "done": true
  },
  "securitycraft:recipes/building_blocks/reinforced_green_stained_glass_pane_from_dye": {
    "criteria": {
      "has_glass": "2024-06-29 04:30:49 +0000"
    },
    "done": true
  },
  "securitycraft:recipes/building_blocks/reinforced_orange_stained_glass": {
    "criteria": {
      "has_glass": "2024-06-29 04:30:49 +0000"
    },
    "done": true
  },
  "minecraft:recipes/building_blocks/light_blue_stained_glass": {
    "criteria": {
      "has_glass": "2024-06-29 04:30:49 +0000"
    },
    "done": true
  },
  "securitycraft:recipes/building_blocks/reinforced_glass_pane": {
    "criteria": {
      "has_glass": "2024-06-29 04:30:49 +0000"
    },
    "done": true
  },
  "securitycraft:recipes/building_blocks/reinforced_black_stained_glass": {
    "criteria": {
      "has_glass": "2024-06-29 04:30:49 +0000"
    },
    "done": true
  },
  "minecraft:recipes/building_blocks/orange_stained_glass": {
    "criteria": {
      "has_glass": "2024-06-29 04:30:49 +0000"
    },
    "done": true
  },
  "securitycraft:recipes/building_blocks/reinforced_purple_stained_glass_pane_from_glass": {
    "criteria": {
      "has_glass": "2024-06-29 04:30:49 +0000"
    },
    "done": true
  },
  "securitycraft:recipes/building_blocks/reinforced_blue_stained_glass_pane_from_dye": {
    "criteria": {
      "has_glass": "2024-06-29 04:30:49 +0000"
    },
    "done": true
  },
  "minecraft:recipes/building_blocks/pink_stained_glass": {
    "criteria": {
      "has_glass": "2024-06-29 04:30:49 +0000"
    },
    "done": true
  },
  "minecraft:recipes/building_blocks/black_stained_glass": {
    "criteria": {
      "has_glass": "2024-06-29 04:30:49 +0000"
    },
    "done": true
  },
  "minecraft:recipes/building_blocks/gray_stained_glass": {
    "criteria": {
      "has_glass": "2024-06-29 04:30:49 +0000"
    },
    "done": true
  },
  "securitycraft:recipes/building_blocks/reinforced_light_blue_stained_glass_pane_from_dye": {
    "criteria": {
      "has_glass": "2024-06-29 04:30:49 +0000"
    },
    "done": true
  },
  "securitycraft:recipes/building_blocks/reinforced_lime_stained_glass_pane_from_glass": {
    "criteria": {
      "has_glass": "2024-06-29 04:30:49 +0000"
    },
    "done": true
  },
  "securitycraft:recipes/building_blocks/reinforced_light_blue_stained_glass_pane_from_glass": {
    "criteria": {
      "has_glass": "2024-06-29 04:30:49 +0000"
    },
    "done": true
  },
  "securitycraft:recipes/building_blocks/reinforced_cyan_stained_glass": {
    "criteria": {
      "has_glass": "2024-06-29 04:30:49 +0000"
    },
    "done": true
  },
  "securitycraft:recipes/building_blocks/reinforced_purple_stained_glass_pane_from_dye": {
    "criteria": {
      "has_glass": "2024-06-29 04:30:49 +0000"
    },
    "done": true
  },
  "securitycraft:recipes/building_blocks/reinforced_white_stained_glass": {
    "criteria": {
      "has_glass": "2024-06-29 04:30:49 +0000"
    },
    "done": true
  },
  "minecraft:recipes/building_blocks/red_stained_glass": {
    "criteria": {
      "has_glass": "2024-06-29 04:30:49 +0000"
    },
    "done": true
  },
  "securitycraft:recipes/building_blocks/reinforced_red_stained_glass_pane_from_dye": {
    "criteria": {
      "has_glass": "2024-06-29 04:30:49 +0000"
    },
    "done": true
  },
  "securitycraft:recipes/building_blocks/reinforced_magenta_stained_glass": {
    "criteria": {
      "has_glass": "2024-06-29 04:30:49 +0000"
    },
    "done": true
  },
  "securitycraft:recipes/building_blocks/reinforced_black_stained_glass_pane_from_dye": {
    "criteria": {
      "has_glass": "2024-06-29 04:30:49 +0000"
    },
    "done": true
  },
  "minecraft:recipes/building_blocks/light_gray_stained_glass": {
    "criteria": {
      "has_glass": "2024-06-29 04:30:49 +0000"
    },
    "done": true
  },
  "securitycraft:recipes/building_blocks/reinforced_yellow_stained_glass_pane_from_glass": {
    "criteria": {
      "has_glass": "2024-06-29 04:30:49 +0000"
    },
    "done": true
  },
  "securitycraft:recipes/building_blocks/reinforced_green_stained_glass_pane_from_glass": {
    "criteria": {
      "has_glass": "2024-06-29 04:30:49 +0000"
    },
    "done": true
  },
  "securitycraft:recipes/building_blocks/reinforced_blue_stained_glass_pane_from_glass": {
    "criteria": {
      "has_glass": "2024-06-29 04:30:49 +0000"
    },
    "done": true
  },
  "securitycraft:recipes/building_blocks/reinforced_gray_stained_glass_pane_from_glass": {
    "criteria": {
      "has_glass": "2024-06-29 04:30:49 +0000"
    },
    "done": true
  },
  "minecraft:recipes/building_blocks/cyan_stained_glass": {
    "criteria": {
      "has_glass": "2024-06-29 04:30:49 +0000"
    },
    "done": true
  },
  "securitycraft:recipes/building_blocks/reinforced_green_stained_glass": {
    "criteria": {
      "has_glass": "2024-06-29 04:30:49 +0000"
    },
    "done": true
  },
  "securitycraft:recipes/building_blocks/reinforced_blue_stained_glass": {
    "criteria": {
      "has_glass": "2024-06-29 04:30:49 +0000"
    },
    "done": true
  },
  "securitycraft:recipes/building_blocks/reinforced_light_gray_stained_glass_pane_from_glass": {
    "criteria": {
      "has_glass": "2024-06-29 04:30:49 +0000"
    },
    "done": true
  },
  "securitycraft:recipes/building_blocks/reinforced_yellow_stained_glass": {
    "criteria": {
      "has_glass": "2024-06-29 04:30:49 +0000"
    },
    "done": true
  },
  "securitycraft:recipes/building_blocks/reinforced_purple_stained_glass": {
    "criteria": {
      "has_glass": "2024-06-29 04:30:49 +0000"
    },
    "done": true
  },
  "securitycraft:recipes/building_blocks/reinforced_red_stained_glass_pane_from_glass": {
    "criteria": {
      "has_glass": "2024-06-29 04:30:49 +0000"
    },
    "done": true
  },
  "securitycraft:recipes/building_blocks/reinforced_brown_stained_glass_pane_from_dye": {
    "criteria": {
      "has_glass": "2024-06-29 04:30:49 +0000"
    },
    "done": true
  },
  "minecraft:recipes/building_blocks/green_stained_glass": {
    "criteria": {
      "has_glass": "2024-06-29 04:30:49 +0000"
    },
    "done": true
  },
  "securitycraft:recipes/building_blocks/reinforced_lime_stained_glass": {
    "criteria": {
      "has_glass": "2024-06-29 04:30:49 +0000"
    },
    "done": true
  },
  "minecraft:recipes/building_blocks/brown_stained_glass": {
    "criteria": {
      "has_glass": "2024-06-29 04:30:49 +0000"
    },
    "done": true
  },
  "securitycraft:recipes/building_blocks/reinforced_black_stained_glass_pane_from_glass": {
    "criteria": {
      "has_glass": "2024-06-29 04:30:49 +0000"
    },
    "done": true
  },
  "securitycraft:recipes/building_blocks/reinforced_red_stained_glass": {
    "criteria": {
      "has_glass": "2024-06-29 04:30:49 +0000"
    },
    "done": true
  },
  "minecraft:recipes/building_blocks/blue_stained_glass": {
    "criteria": {
      "has_glass": "2024-06-29 04:30:49 +0000"
    },
    "done": true
  },
  "securitycraft:recipes/building_blocks/reinforced_white_stained_glass_pane_from_glass": {
    "criteria": {
      "has_glass": "2024-06-29 04:30:49 +0000"
    },
    "done": true
  },
  "securitycraft:recipes/building_blocks/reinforced_white_stained_glass_pane_from_dye": {
    "criteria": {
      "has_glass": "2024-06-29 04:30:49 +0000"
    },
    "done": true
  },
  "securitycraft:recipes/building_blocks/reinforced_magenta_stained_glass_pane_from_dye": {
    "criteria": {
      "has_glass": "2024-06-29 04:30:49 +0000"
    },
    "done": true
  },
  "securitycraft:recipes/building_blocks/reinforced_cyan_stained_glass_pane_from_dye": {
    "criteria": {
      "has_glass": "2024-06-29 04:30:49 +0000"
    },
    "done": true
  },
  "minecraft:recipes/building_blocks/lime_stained_glass": {
    "criteria": {
      "has_glass": "2024-06-29 04:30:49 +0000"
    },
    "done": true
  },
  "securitycraft:recipes/building_blocks/reinforced_gray_stained_glass": {
    "criteria": {
      "has_glass": "2024-06-29 04:30:49 +0000"
    },
    "done": true
  },
  "minecraft:recipes/decorations/glass_pane": {
    "criteria": {
      "has_glass": "2024-06-29 04:30:49 +0000"
    },
    "done": true
  },
  "minecraft:recipes/building_blocks/magenta_stained_glass": {
    "criteria": {
      "has_glass": "2024-06-29 04:30:49 +0000"
    },
    "done": true
  },
  "minecraft:recipes/building_blocks/white_stained_glass": {
    "criteria": {
      "has_glass": "2024-06-29 04:30:49 +0000"
    },
    "done": true
  },
  "securitycraft:recipes/building_blocks/reinforced_pink_stained_glass_pane_from_glass": {
    "criteria": {
      "has_glass": "2024-06-29 04:30:49 +0000"
    },
    "done": true
  },
  "securitycraft:recipes/building_blocks/reinforced_brown_stained_glass": {
    "criteria": {
      "has_glass": "2024-06-29 04:30:49 +0000"
    },
    "done": true
  },
  "securitycraft:recipes/building_blocks/reinforced_orange_stained_glass_pane_from_dye": {
    "criteria": {
      "has_glass": "2024-06-29 04:30:49 +0000"
    },
    "done": true
  },
  "minecraft:recipes/brewing/glass_bottle": {
    "criteria": {
      "has_glass": "2024-06-29 04:30:49 +0000"
    },
    "done": true
  },
  "securitycraft:recipes/building_blocks/reinforced_pink_stained_glass_pane_from_dye": {
    "criteria": {
      "has_glass": "2024-06-29 04:30:49 +0000"
    },
    "done": true
  },
  "securitycraft:recipes/building_blocks/reinforced_orange_stained_glass_pane_from_glass": {
    "criteria": {
      "has_glass": "2024-06-29 04:30:49 +0000"
    },
    "done": true
  },
  "securitycraft:recipes/building_blocks/reinforced_cyan_stained_glass_pane_from_glass": {
    "criteria": {
      "has_glass": "2024-06-29 04:30:49 +0000"
    },
    "done": true
  },
  "minecraft:recipes/building_blocks/purple_stained_glass": {
    "criteria": {
      "has_glass": "2024-06-29 04:30:49 +0000"
    },
    "done": true
  },
  "securitycraft:recipes/building_blocks/reinforced_light_gray_stained_glass_pane_from_dye": {
    "criteria": {
      "has_glass": "2024-06-29 04:30:49 +0000"
    },
    "done": true
  },
  "minecraft:recipes/building_blocks/yellow_stained_glass": {
    "criteria": {
      "has_glass": "2024-06-29 04:30:49 +0000"
    },
    "done": true
  },
  "securitycraft:recipes/building_blocks/reinforced_yellow_stained_glass_pane_from_dye": {
    "criteria": {
      "has_glass": "2024-06-29 04:30:49 +0000"
    },
    "done": true
  },
  "securitycraft:recipes/building_blocks/reinforced_lime_stained_glass_pane_from_dye": {
    "criteria": {
      "has_glass": "2024-06-29 04:30:49 +0000"
    },
    "done": true
  },
  "securitycraft:recipes/building_blocks/reinforced_light_blue_stained_glass": {
    "criteria": {
      "has_glass": "2024-06-29 04:30:49 +0000"
    },
    "done": true
  },
  "securitycraft:recipes/building_blocks/reinforced_gray_stained_glass_pane_from_dye": {
    "criteria": {
      "has_glass": "2024-06-29 04:30:49 +0000"
    },
    "done": true
  },
  "securitycraft:recipes/building_blocks/reinforced_pink_stained_glass": {
    "criteria": {
      "has_glass": "2024-06-29 04:30:49 +0000"
    },
    "done": true
  },
  "securitycraft:recipes/building_blocks/reinforced_magenta_stained_glass_pane_from_glass": {
    "criteria": {
      "has_glass": "2024-06-29 04:30:49 +0000"
    },
    "done": true
  },
  "securitycraft:recipes/building_blocks/reinforced_brown_stained_glass_pane_from_glass": {
    "criteria": {
      "has_glass": "2024-06-29 04:30:49 +0000"
    },
    "done": true
  },
  "minecraft:recipes/misc/flower_banner_pattern": {
    "criteria": {
      "has_oxeye_daisy": "2024-06-29 04:32:44 +0000"
    },
    "done": true
  },
  "minecraft:recipes/misc/light_gray_dye_from_oxeye_daisy": {
    "criteria": {
      "has_oxeye_daisy": "2024-06-29 04:32:44 +0000"
    },
    "done": true
  },
  "aether:recipes/tools/diamond_shovel_repairing": {
    "criteria": {
      "has_diamond_shovel": "2024-06-29 04:33:31 +0000"
    },
    "done": true
  },
  "securitycraft:recipes/misc/block_pocket_manager": {
    "criteria": {
      "has_redstone_block": "2024-06-29 04:39:43 +0000"
    },
    "done": true
  },
  "minecraft:recipes/redstone/redstone": {
    "criteria": {
      "has_redstone_block": "2024-06-29 04:39:43 +0000"
    },
    "done": true
  },
  "minecraft:recipes/decorations/lime_stained_glass_pane_from_glass_pane": {
    "criteria": {
      "has_glass_pane": "2024-06-29 04:40:18 +0000"
    },
    "done": true
  },
  "minecraft:recipes/decorations/purple_stained_glass_pane_from_glass_pane": {
    "criteria": {
      "has_glass_pane": "2024-06-29 04:40:18 +0000"
    },
    "done": true
  },
  "minecraft:recipes/decorations/blue_stained_glass_pane_from_glass_pane": {
    "criteria": {
      "has_glass_pane": "2024-06-29 04:40:18 +0000"
    },
    "done": true
  },
  "minecraft:recipes/decorations/light_gray_stained_glass_pane_from_glass_pane": {
    "criteria": {
      "has_glass_pane": "2024-06-29 04:40:18 +0000"
    },
    "done": true
  },
  "minecraft:recipes/decorations/light_blue_stained_glass_pane_from_glass_pane": {
    "criteria": {
      "has_glass_pane": "2024-06-29 04:40:18 +0000"
    },
    "done": true
  },
  "minecraft:recipes/decorations/gray_stained_glass_pane_from_glass_pane": {
    "criteria": {
      "has_glass_pane": "2024-06-29 04:40:18 +0000"
    },
    "done": true
  },
  "minecraft:recipes/decorations/yellow_stained_glass_pane_from_glass_pane": {
    "criteria": {
      "has_glass_pane": "2024-06-29 04:40:18 +0000"
    },
    "done": true
  },
  "minecraft:recipes/decorations/red_stained_glass_pane_from_glass_pane": {
    "criteria": {
      "has_glass_pane": "2024-06-29 04:40:18 +0000"
    },
    "done": true
  },
  "sullysmod:recipes/misc/crafting/glass_vial": {
    "criteria": {
      "has_glass_pane": "2024-06-29 04:40:18 +0000"
    },
    "done": true
  },
  "minecraft:recipes/decorations/orange_stained_glass_pane_from_glass_pane": {
    "criteria": {
      "has_glass_pane": "2024-06-29 04:40:18 +0000"
    },
    "done": true
  },
  "minecraft:recipes/decorations/green_stained_glass_pane_from_glass_pane": {
    "criteria": {
      "has_glass_pane": "2024-06-29 04:40:18 +0000"
    },
    "done": true
  },
  "minecraft:recipes/decorations/pink_stained_glass_pane_from_glass_pane": {
    "criteria": {
      "has_glass_pane": "2024-06-29 04:40:18 +0000"
    },
    "done": true
  },
  "minecraft:recipes/decorations/white_stained_glass_pane_from_glass_pane": {
    "criteria": {
      "has_glass_pane": "2024-06-29 04:40:18 +0000"
    },
    "done": true
  },
  "minecraft:recipes/decorations/black_stained_glass_pane_from_glass_pane": {
    "criteria": {
      "has_glass_pane": "2024-06-29 04:40:18 +0000"
    },
    "done": true
  },
  "minecraft:recipes/decorations/brown_stained_glass_pane_from_glass_pane": {
    "criteria": {
      "has_glass_pane": "2024-06-29 04:40:18 +0000"
    },
    "done": true
  },
  "minecraft:recipes/decorations/magenta_stained_glass_pane_from_glass_pane": {
    "criteria": {
      "has_glass_pane": "2024-06-29 04:40:18 +0000"
    },
    "done": true
  },
  "minecraft:recipes/decorations/cyan_stained_glass_pane_from_glass_pane": {
    "criteria": {
      "has_glass_pane": "2024-06-29 04:40:18 +0000"
    },
    "done": true
  },
  "minecraft:recipes/building_blocks/stone_bricks": {
    "criteria": {
      "has_stone": "2024-06-29 04:42:46 +0000"
    },
    "done": true
  },
  "minecraft:recipes/building_blocks/stone_bricks_from_stone_stonecutting": {
    "criteria": {
      "has_stone": "2024-06-29 04:42:46 +0000"
    },
    "done": true
  },
  "minecraft:recipes/building_blocks/stone_slab": {
    "criteria": {
      "has_stone": "2024-06-29 04:42:46 +0000"
    },
    "done": true
  },
  "minecraft:recipes/building_blocks/stone_stairs_from_stone_stonecutting": {
    "criteria": {
      "has_stone": "2024-06-29 04:42:46 +0000"
    },
    "done": true
  },
  "minecraft:recipes/redstone/stone_button": {
    "criteria": {
      "has_stone": "2024-06-29 04:42:46 +0000"
    },
    "done": true
  },
  "minecraft:recipes/redstone/stone_pressure_plate": {
    "criteria": {
      "has_stone": "2024-06-29 04:42:46 +0000"
    },
    "done": true
  },
  "minecraft:recipes/building_blocks/stone_stairs": {
    "criteria": {
      "has_stone": "2024-06-29 04:42:46 +0000"
    },
    "done": true
  },
  "minecraft:recipes/decorations/stonecutter": {
    "criteria": {
      "has_stone": "2024-06-29 04:42:46 +0000"
    },
    "done": true
  },
  "minecraft:recipes/building_blocks/smooth_stone": {
    "criteria": {
      "has_stone": "2024-06-29 04:42:46 +0000"
    },
    "done": true
  },
  "minecraft:recipes/decorations/stone_brick_walls_from_stone_stonecutting": {
    "criteria": {
      "has_stone": "2024-06-29 04:42:46 +0000"
    },
    "done": true
  },
  "minecraft:recipes/building_blocks/stone_brick_slab_from_stone_stonecutting": {
    "criteria": {
      "has_stone": "2024-06-29 04:42:46 +0000"
    },
    "done": true
  },
  "minecraft:recipes/building_blocks/stone_brick_stairs_from_stone_stonecutting": {
    "criteria": {
      "has_stone": "2024-06-29 04:42:46 +0000"
    },
    "done": true
  },
  "minecraft:recipes/building_blocks/stone_slab_from_stone_stonecutting": {
    "criteria": {
      "has_stone": "2024-06-29 04:42:46 +0000"
    },
    "done": true
  },
  "minecraft:recipes/building_blocks/chiseled_stone_bricks_stone_from_stonecutting": {
    "criteria": {
      "has_stone": "2024-06-29 04:42:46 +0000"
    },
    "done": true
  },
  "securitycraft:recipes/misc/keypad_item": {
    "criteria": {
      "has_stone_button": "2024-06-29 04:42:49 +0000"
    },
    "done": true
  },
  "weather2:recipes/misc/weather_forecast": {
    "criteria": {
      "has_weather_item": "2024-06-29 04:51:15 +0000"
    },
    "done": true
  },
  "weather2:recipes/misc/wind_vane": {
    "criteria": {
      "has_weather_item": "2024-06-29 04:51:15 +0000"
    },
    "done": true
  },
  "weather2:recipes/misc/anemometer": {
    "criteria": {
      "has_weather_item": "2024-06-29 04:51:15 +0000"
    },
    "done": true
  },
  "weather2:recipes/misc/tornado_sensor": {
    "criteria": {
      "has_weather_item": "2024-06-29 04:51:15 +0000"
    },
    "done": true
  },
  "weather2:recipes/misc/weather_deflector": {
    "criteria": {
      "has_weather_item": "2024-06-29 04:51:15 +0000"
    },
    "done": true
  },
  "minecraft:recipes/misc/gold_ingot_from_gold_block": {
    "criteria": {
      "has_gold_block": "2024-06-29 04:55:38 +0000"
    },
    "done": true
  },
  "aether:recipes/combat/shield_repairing": {
    "criteria": {
      "has_shield": "2024-06-29 05:04:14 +0000"
    },
    "done": true
  },
  "minecraft:recipes/transportation/activator_rail": {
    "criteria": {
      "has_rail": "2024-06-29 05:06:52 +0000"
    },
    "done": true
  },
  "minecraft:recipes/transportation/powered_rail": {
    "criteria": {
      "has_rail": "2024-06-29 05:06:52 +0000"
    },
    "done": true
  },
  "minecraft:recipes/transportation/detector_rail": {
    "criteria": {
      "has_rail": "2024-06-29 05:06:52 +0000"
    },
    "done": true
  },
  "aether:recipes/decorations/skyroot_barrel": {
    "criteria": {
      "has_slabs": "2024-06-29 05:07:38 +0000"
    },
    "done": true
  },
  "minecraft:recipes/decorations/composter": {
    "criteria": {
      "has_wood_slab": "2024-06-29 05:07:38 +0000"
    },
    "done": true
  },
  "croptopia:recipes/campfire_toast": {
    "criteria": {
      "has_bread": "2024-06-29 05:10:39 +0000"
    },
    "done": true
  },
  "croptopia:recipes/food/toast_from_bread": {
    "criteria": {
      "has_bread": "2024-06-29 05:10:39 +0000"
    },
    "done": true
  },
  "croptopia:recipes/food/toast_from_smoking_bread": {
    "criteria": {
      "has_bread": "2024-06-29 05:10:39 +0000"
    },
    "done": true
  },
  "minecraft:story/deflect_arrow": {
    "criteria": {
      "deflected_projectile": "2024-06-29 05:17:09 +0000"
    },
    "done": true
  },
  "aether:recipes/tools/iron_shovel_repairing": {
    "criteria": {
      "has_iron_shovel": "2024-06-29 05:21:06 +0000"
    },
    "done": true
  },
  "minecraft:adventure/shoot_arrow": {
    "criteria": {
      "shot_arrow": "2024-06-29 05:22:28 +0000"
    },
    "done": true
  },
  "securitycraft:recipes/building_blocks/reinforced_granite": {
    "criteria": {
      "has_quartz": "2024-06-29 05:23:16 +0000"
    },
    "done": true
  },
  "minecraft:recipes/building_blocks/diorite": {
    "criteria": {
      "has_quartz": "2024-06-29 05:23:16 +0000"
    },
    "done": true
  },
  "minecraft:recipes/building_blocks/granite": {
    "criteria": {
      "has_quartz": "2024-06-29 05:23:16 +0000"
    },
    "done": true
  },
  "minecraft:recipes/building_blocks/quartz_block": {
    "criteria": {
      "has_quartz": "2024-06-29 05:23:16 +0000"
    },
    "done": true
  },
  "minecraft:recipes/redstone/comparator": {
    "criteria": {
      "has_quartz": "2024-06-29 05:23:16 +0000"
    },
    "done": true
  },
  "securitycraft:recipes/redstone/reinforced_observer": {
    "criteria": {
      "has_quartz": "2024-06-29 05:23:16 +0000"
    },
    "done": true
  },
  "minecraft:recipes/redstone/daylight_detector": {
    "criteria": {
      "has_quartz": "2024-06-29 05:23:16 +0000"
    },
    "done": true
  },
  "minecraft:recipes/redstone/observer": {
    "criteria": {
      "has_quartz": "2024-06-29 05:23:16 +0000"
    },
    "done": true
  },
  "aether:recipes/tools/iron_hoe_repairing": {
    "criteria": {
      "has_iron_hoe": "2024-06-29 05:23:31 +0000"
    },
    "done": true
  },
  "croptopia:root": {
    "criteria": {
      "root": "2024-06-29 05:23:31 +0000"
    },
    "done": true
  },
  "aether:recipes/combat/golden_sword_repairing": {
    "criteria": {
      "has_golden_sword": "2024-06-29 05:23:43 +0000"
    },
    "done": true
  },
  "mythicmounts:summoning_staff": {
    "criteria": {
      "has_pearl": "2024-06-29 05:26:55 +0000"
    },
    "done": true
  },
  "minecraft:recipes/misc/yellow_dye_from_dandelion": {
    "criteria": {
      "has_dandelion": "2024-06-29 05:26:55 +0000"
    },
    "done": true
  },
  "croptopia:recipes/misc/food_press": {
    "criteria": {
      "has_piston": "2024-06-29 05:36:28 +0000"
    },
    "done": true
  },
  "minecraft:recipes/building_blocks/polished_blackstone_brick_slab": {
    "criteria": {
      "has_polished_blackstone_bricks": "2024-06-29 06:16:12 +0000"
    },
    "done": true
  },
  "minecraft:recipes/misc/netherite_scrap_from_blasting": {
    "criteria": {
      "has_ancient_debris": "2024-06-29 06:03:43 +0000"
    },
    "done": true
  },
  "minecraft:recipes/building_blocks/crimson_planks": {
    "criteria": {
      "has_logs": "2024-06-29 06:11:00 +0000"
    },
    "done": true
  },
  "minecraft:recipes/decorations/blackstone_wall": {
    "criteria": {
      "has_blackstone": "2024-06-29 06:03:56 +0000"
    },
    "done": true
  },
  "minecraft:recipes/building_blocks/cracked_polished_blackstone_bricks": {
    "criteria": {
      "has_polished_blackstone_bricks": "2024-06-29 06:16:12 +0000"
    },
    "done": true
  },
  "minecraft:recipes/building_blocks/polished_blackstone_brick_stairs_from_blackstone_stonecutting": {
    "criteria": {
      "has_blackstone": "2024-06-29 06:03:56 +0000"
    },
    "done": true
  },
  "minecraft:recipes/building_blocks/polished_blackstone_bricks_from_blackstone_stonecutting": {
    "criteria": {
      "has_blackstone": "2024-06-29 06:03:56 +0000"
    },
    "done": true
  },
  "minecraft:recipes/decorations/soul_torch": {
    "criteria": {
      "has_soul_sand": "2024-06-29 06:13:53 +0000"
    },
    "done": true
  },
  "minecraft:nether/obtain_ancient_debris": {
    "criteria": {
      "ancient_debris": "2024-06-29 06:03:43 +0000"
    },
    "done": true
  },
  "minecraft:recipes/building_blocks/polished_blackstone_stairs_from_blackstone_stonecutting": {
    "criteria": {
      "has_blackstone": "2024-06-29 06:03:56 +0000"
    },
    "done": true
  },
  "minecraft:recipes/building_blocks/polished_blackstone_brick_stairs_from_polished_blackstone_bricks_stonecutting": {
    "criteria": {
      "has_polished_blackstone_bricks": "2024-06-29 06:16:12 +0000"
    },
    "done": true
  },
  "minecraft:recipes/misc/copper_ingot_from_blasting_raw_copper": {
    "criteria": {
      "has_raw_copper": "2024-06-29 06:02:55 +0000"
    },
    "done": true
  },
  "minecraft:recipes/building_blocks/raw_copper_block": {
    "criteria": {
      "has_raw_copper": "2024-06-29 06:02:55 +0000"
    },
    "done": true
  },
  "minecraft:recipes/building_blocks/blackstone_stairs": {
    "criteria": {
      "has_blackstone": "2024-06-29 06:03:56 +0000"
    },
    "done": true
  },
  "minecraft:recipes/building_blocks/polished_blackstone_slab_from_blackstone_stonecutting": {
    "criteria": {
      "has_blackstone": "2024-06-29 06:03:56 +0000"
    },
    "done": true
  },
  "minecraft:recipes/building_blocks/blackstone_slab": {
    "criteria": {
      "has_blackstone": "2024-06-29 06:03:56 +0000"
    },
    "done": true
  },
  "minecraft:recipes/building_blocks/polished_blackstone_brick_slab_from_blackstone_stonecutting": {
    "criteria": {
      "has_blackstone": "2024-06-29 06:03:56 +0000"
    },
    "done": true
  },
  "minecraft:recipes/building_blocks/polished_blackstone_brick_slab_from_polished_blackstone_bricks_stonecutting": {
    "criteria": {
      "has_polished_blackstone_bricks": "2024-06-29 06:16:12 +0000"
    },
    "done": true
  },
  "minecraft:recipes/decorations/polished_blackstone_brick_wall": {
    "criteria": {
      "has_polished_blackstone_bricks": "2024-06-29 06:16:12 +0000"
    },
    "done": true
  },
  "minecraft:nether/obtain_crying_obsidian": {
    "criteria": {
      "crying_obsidian": "2024-06-29 06:13:35 +0000"
    },
    "done": true
  },
  "minecraft:recipes/building_blocks/polished_blackstone_brick_stairs": {
    "criteria": {
      "has_polished_blackstone_bricks": "2024-06-29 06:16:12 +0000"
    },
    "done": true
  },
  "minecraft:recipes/decorations/polished_blackstone_brick_wall_from_blackstone_stonecutting": {
    "criteria": {
      "has_blackstone": "2024-06-29 06:03:56 +0000"
    },
    "done": true
  },
  "minecraft:recipes/misc/netherite_scrap": {
    "criteria": {
      "has_ancient_debris": "2024-06-29 06:03:43 +0000"
    },
    "done": true
  },
  "minecraft:recipes/decorations/polished_blackstone_wall_from_blackstone_stonecutting": {
    "criteria": {
      "has_blackstone": "2024-06-29 06:03:56 +0000"
    },
    "done": true
  },
  "minecraft:recipes/building_blocks/chiseled_polished_blackstone_from_blackstone_stonecutting": {
    "criteria": {
      "has_blackstone": "2024-06-29 06:03:56 +0000"
    },
    "done": true
  },
  "minecraft:recipes/building_blocks/blackstone_slab_from_blackstone_stonecutting": {
    "criteria": {
      "has_blackstone": "2024-06-29 06:03:56 +0000"
    },
    "done": true
  },
  "minecraft:recipes/decorations/respawn_anchor": {
    "criteria": {
      "has_obsidian": "2024-06-29 06:13:35 +0000"
    },
    "done": true
  },
  "minecraft:recipes/building_blocks/polished_blackstone": {
    "criteria": {
      "has_blackstone": "2024-06-29 06:03:56 +0000"
    },
    "done": true
  },
  "minecraft:recipes/decorations/polished_blackstone_brick_wall_from_polished_blackstone_bricks_stonecutting": {
    "criteria": {
      "has_polished_blackstone_bricks": "2024-06-29 06:16:12 +0000"
    },
    "done": true
  },
  "minecraft:recipes/decorations/soul_campfire": {
    "criteria": {
      "has_soul_sand": "2024-06-29 06:13:53 +0000"
    },
    "done": true
  },
  "minecraft:recipes/building_blocks/crimson_hyphae": {
    "criteria": {
      "has_log": "2024-06-29 06:11:00 +0000"
    },
    "done": true
  },
  "minecraft:recipes/building_blocks/polished_blackstone_from_blackstone_stonecutting": {
    "criteria": {
      "has_blackstone": "2024-06-29 06:03:56 +0000"
    },
    "done": true
  },
  "minecraft:recipes/decorations/blackstone_wall_from_blackstone_stonecutting": {
    "criteria": {
      "has_blackstone": "2024-06-29 06:03:56 +0000"
    },
    "done": true
  },
  "minecraft:nether/find_bastion": {
    "criteria": {
      "bastion": "2024-06-29 06:12:17 +0000"
    },
    "done": true
  },
  "minecraft:recipes/misc/copper_ingot_from_smelting_raw_copper": {
    "criteria": {
      "has_raw_copper": "2024-06-29 06:02:55 +0000"
    },
    "done": true
  },
  "minecraft:recipes/building_blocks/blackstone_stairs_from_blackstone_stonecutting": {
    "criteria": {
      "has_blackstone": "2024-06-29 06:03:56 +0000"
    },
    "done": true
  },
  "DataVersion": 3465
}